BEGIN TRANSACTION;
CREATE TABLE `room_csv` (
	`field1`	,
	`field2`	,
	`field3`	,
	`field4`	,
	`field5`	
);
INSERT INTO `room_csv` (field1,field2,field3,field4,field5) VALUES ('idRoom','maxGuest','isServiceable','services','isAvailable'),
 ('1','2','1','lacinia aenean sit amet justo morbi ut odio cras mi pede malesuada in imperdiet et commodo vulputate justo','1'),
 ('2','4','0','vulputate ut ultrices vel augue','0'),
 ('3','5','1','at feugiat non pretium quis lectus suspendisse potenti in eleifend quam a odio in hac habitasse','1'),
 ('4','1','0','non quam nec dui luctus rutrum nulla','1'),
 ('5','3','0','amet eros suspendisse accumsan tortor quis turpis','1'),
 ('6','5','1','donec dapibus duis at velit eu est congue elementum in hac habitasse platea dictumst morbi vestibulum','1'),
 ('7','5','1','curabitur in libero ut massa volutpat convallis morbi odio odio elementum eu interdum','0'),
 ('8','1','1','volutpat dui maecenas tristique est et tempus semper est','0'),
 ('9','2','0','aliquet at feugiat non pretium quis lectus suspendisse potenti in eleifend quam a odio in hac habitasse platea dictumst maecenas','1'),
 ('10','4','1','primis in faucibus orci luctus et ultrices posuere cubilia curae donec pharetra magna vestibulum aliquet ultrices erat tortor sollicitudin mi','0'),
 ('11','4','0','id justo sit amet sapien dignissim vestibulum vestibulum ante ipsum primis in faucibus orci luctus et ultrices posuere','1'),
 ('12','5','0','est lacinia nisi venenatis tristique fusce','1'),
 ('13','1','0','dapibus augue vel accumsan tellus nisi eu orci mauris lacinia sapien quis libero nullam sit amet turpis elementum ligula','1'),
 ('14','3','0','sed sagittis nam','1'),
 ('15','2','1','dapibus duis at velit eu est congue elementum in hac habitasse platea','1'),
 ('16','2','1','libero non mattis pulvinar nulla pede ullamcorper augue a suscipit nulla','0'),
 ('17','2','1','lorem integer tincidunt ante vel ipsum praesent blandit lacinia erat vestibulum sed magna at nunc commodo placerat praesent','0'),
 ('18','1','0','eu orci mauris lacinia sapien quis libero nullam sit amet turpis elementum ligula vehicula consequat morbi a ipsum','0'),
 ('19','3','0','mauris lacinia sapien quis libero nullam sit amet turpis elementum ligula vehicula consequat morbi a ipsum integer a nibh in','1'),
 ('20','5','1','molestie lorem quisque ut erat curabitur gravida nisi at nibh in','0'),
 ('21','4','0','dapibus dolor vel est donec odio justo sollicitudin ut suscipit a feugiat et eros','0'),
 ('22','1','0','suspendisse potenti nullam porttitor lacus at','1'),
 ('23','5','0','pede libero quis orci nullam molestie nibh in lectus pellentesque at nulla suspendisse potenti cras in','1'),
 ('24','2','1','duis bibendum felis sed interdum venenatis turpis enim blandit mi','1'),
 ('25','1','1','donec quis orci eget orci vehicula condimentum curabitur in libero','1'),
 ('26','2','1','malesuada in imperdiet et commodo vulputate justo in blandit ultrices','0'),
 ('27','1','1','magna bibendum imperdiet nullam orci pede venenatis non sodales','1'),
 ('28','5','1','nec nisi vulputate nonummy maecenas tincidunt lacus at velit vivamus vel','0'),
 ('29','2','1','libero nam dui proin leo odio porttitor id consequat in consequat ut nulla sed accumsan felis','1'),
 ('30','2','0','duis bibendum morbi non quam','1'),
 ('31','4','0','in consequat ut','0'),
 ('32','3','0','platea dictumst morbi vestibulum velit id pretium iaculis diam erat fermentum justo nec','0'),
 ('33','2','1','volutpat sapien arcu sed augue aliquam erat volutpat in congue etiam justo etiam pretium iaculis justo','1'),
 ('34','2','0','leo odio porttitor id consequat in','1'),
 ('35','3','1','sapien sapien non mi integer ac neque duis bibendum morbi non quam nec dui luctus rutrum nulla tellus in sagittis','1'),
 ('36','1','0','dictumst maecenas ut massa quis augue','0'),
 ('37','5','1','nibh in hac habitasse platea dictumst aliquam','1'),
 ('38','1','0','vel dapibus at diam nam','0'),
 ('39','2','1','eros elementum pellentesque quisque porta volutpat erat quisque erat eros viverra eget congue','1'),
 ('40','2','0','nulla mollis molestie lorem quisque ut erat curabitur gravida nisi at nibh in hac habitasse platea dictumst aliquam augue','0'),
 ('41','4','1','nulla sed accumsan felis ut at dolor quis','0'),
 ('42','2','0','fermentum donec ut mauris eget massa tempor convallis nulla neque libero convallis eget eleifend luctus ultricies eu nibh quisque id','0'),
 ('43','2','1','aliquam convallis nunc proin at turpis a pede','0'),
 ('44','3','0','metus aenean fermentum donec ut mauris eget massa tempor convallis nulla neque libero convallis eget eleifend','0'),
 ('45','2','0','imperdiet et commodo vulputate justo in blandit ultrices enim lorem ipsum dolor sit amet','1'),
 ('46','2','0','velit donec diam neque vestibulum eget vulputate ut ultrices vel','0'),
 ('47','3','1','ridiculus mus etiam vel augue vestibulum rutrum rutrum neque aenean auctor gravida sem praesent','0'),
 ('48','2','1','pellentesque volutpat dui maecenas tristique est et tempus semper est quam pharetra magna ac','0'),
 ('49','5','1','amet eros suspendisse accumsan tortor quis turpis sed ante vivamus tortor','1'),
 ('50','5','1','viverra diam vitae quam suspendisse potenti nullam porttitor lacus at turpis donec posuere','1'),
 ('51','2','0','viverra eget congue eget semper rutrum nulla nunc','1'),
 ('52','5','0','blandit non interdum in ante vestibulum ante ipsum primis in faucibus orci luctus et','0'),
 ('53','1','1','iaculis congue vivamus metus arcu adipiscing molestie hendrerit at vulputate','0'),
 ('54','5','0','nam dui proin leo odio porttitor id consequat in consequat ut','0'),
 ('55','5','0','vestibulum velit id pretium iaculis diam erat fermentum','0'),
 ('56','3','0','elit ac nulla sed vel enim sit amet nunc viverra','0'),
 ('57','4','1','ipsum primis in faucibus orci luctus et ultrices posuere cubilia curae donec pharetra','1'),
 ('58','2','0','consequat in consequat ut nulla sed','1'),
 ('59','5','0','rutrum nulla tellus in sagittis dui vel nisl duis ac nibh fusce lacus purus aliquet at feugiat non pretium','1'),
 ('60','2','1','condimentum id luctus nec molestie sed','1'),
 ('61','5','1','volutpat eleifend donec ut dolor morbi vel lectus in quam fringilla rhoncus mauris enim leo rhoncus sed vestibulum sit','0'),
 ('62','1','1','erat curabitur gravida nisi at nibh in','0'),
 ('63','4','0','turpis nec euismod scelerisque quam turpis adipiscing lorem vitae mattis nibh ligula nec sem duis','0'),
 ('64','4','0','orci mauris lacinia sapien quis libero nullam sit amet turpis elementum ligula vehicula consequat morbi','1'),
 ('65','4','0','augue aliquam erat','1'),
 ('66','3','1','tellus in sagittis dui vel','1'),
 ('67','5','0','posuere nonummy integer non velit donec diam neque vestibulum eget vulputate ut ultrices vel augue vestibulum ante ipsum primis','0'),
 ('68','4','0','eget orci vehicula condimentum curabitur in libero ut massa volutpat','0'),
 ('69','1','1','sapien dignissim vestibulum vestibulum ante ipsum primis in faucibus orci luctus et ultrices posuere cubilia curae nulla','0'),
 ('70','4','0','ultrices phasellus id sapien in sapien iaculis congue vivamus','0'),
 ('71','4','1','etiam pretium iaculis justo in hac habitasse platea','1'),
 ('72','4','0','bibendum morbi non quam nec dui luctus rutrum nulla tellus','0'),
 ('73','1','0','viverra diam vitae quam suspendisse potenti nullam','1'),
 ('74','3','0','vel nisl duis','0'),
 ('75','3','0','consequat lectus in est risus auctor sed tristique in tempus sit amet sem fusce consequat nulla nisl','0'),
 ('76','1','0','lobortis sapien sapien non mi integer ac neque duis bibendum morbi','1'),
 ('77','5','0','neque sapien placerat ante nulla justo aliquam quis turpis eget elit sodales scelerisque mauris sit','0'),
 ('78','1','0','pede libero quis orci nullam molestie nibh in lectus pellentesque','1'),
 ('79','3','0','vulputate justo in blandit ultrices enim lorem ipsum dolor sit amet consectetuer adipiscing elit','1'),
 ('80','2','1','tortor quis turpis sed ante vivamus tortor duis mattis egestas metus aenean fermentum donec ut mauris','1'),
 ('81','3','1','nibh in hac habitasse','0'),
 ('82','1','1','vestibulum rutrum rutrum neque aenean auctor gravida sem praesent id massa id nisl','0'),
 ('83','2','0','rutrum nulla nunc purus phasellus in felis donec semper sapien a libero nam dui proin leo odio','0'),
 ('84','5','1','pellentesque quisque porta volutpat erat quisque erat','0'),
 ('85','3','0','ipsum ac tellus semper interdum mauris ullamcorper purus sit amet nulla quisque arcu libero','0'),
 ('86','5','1','pede malesuada in imperdiet et commodo vulputate justo in','0'),
 ('87','5','1','in tempor turpis nec euismod scelerisque','1'),
 ('88','1','0','fusce consequat nulla nisl nunc nisl duis bibendum felis sed interdum venenatis turpis enim blandit mi in','0'),
 ('89','4','1','quam a odio in hac habitasse platea dictumst maecenas ut massa quis augue luctus tincidunt nulla','1'),
 ('90','5','0','tempus vel pede morbi porttitor lorem id ligula suspendisse ornare consequat lectus in est risus auctor sed tristique in tempus','1'),
 ('91','4','1','sollicitudin vitae consectetuer eget rutrum at lorem','0'),
 ('92','5','1','imperdiet nullam orci pede venenatis non sodales sed tincidunt eu felis fusce posuere felis sed lacus morbi','0'),
 ('93','1','1','vel sem sed sagittis nam congue risus semper porta volutpat quam pede lobortis ligula sit amet eleifend pede libero','0'),
 ('94','4','1','potenti in eleifend quam','1'),
 ('95','5','1','sapien arcu sed augue aliquam erat volutpat in congue etiam justo etiam pretium iaculis justo in hac habitasse','0'),
 ('96','4','1','amet diam in magna bibendum imperdiet nullam orci pede venenatis non sodales sed tincidunt eu felis fusce posuere felis sed','1'),
 ('97','4','0','pede libero quis orci nullam molestie nibh in lectus pellentesque','1'),
 ('98','4','1','nisi venenatis tristique fusce congue diam id ornare imperdiet sapien urna pretium nisl ut volutpat','1'),
 ('99','2','1','integer ac neque duis bibendum morbi non quam nec dui luctus rutrum nulla tellus in sagittis dui vel','1'),
 ('100','5','1','amet sem fusce consequat nulla nisl nunc nisl duis','0'),
 ('101','1','1','curabitur at ipsum ac tellus semper interdum mauris ullamcorper purus sit amet nulla quisque arcu libero rutrum ac lobortis vel','0'),
 ('102','4','1','diam neque vestibulum eget vulputate ut ultrices vel augue vestibulum ante ipsum primis in faucibus orci','0'),
 ('103','5','1','ut rhoncus aliquet pulvinar sed nisl nunc rhoncus dui vel sem sed sagittis nam congue risus semper','0'),
 ('104','2','1','cum sociis natoque penatibus et magnis dis parturient montes nascetur ridiculus mus vivamus vestibulum','0'),
 ('105','1','1','nulla nisl nunc nisl duis bibendum felis sed interdum venenatis turpis enim blandit mi in','1'),
 ('106','5','0','quisque id justo sit amet sapien dignissim vestibulum vestibulum ante ipsum primis in faucibus orci luctus et ultrices posuere','0'),
 ('107','4','0','enim leo rhoncus sed vestibulum sit amet cursus id turpis integer aliquet massa id lobortis','0'),
 ('108','4','0','mattis egestas metus aenean fermentum donec ut mauris eget massa tempor convallis','0'),
 ('109','3','1','hac habitasse platea dictumst maecenas ut massa quis augue luctus tincidunt nulla mollis molestie lorem quisque ut erat curabitur','0'),
 ('110','2','0','sit amet cursus id turpis integer aliquet massa id lobortis convallis tortor risus','1'),
 ('111','3','1','sed sagittis nam congue risus semper','1'),
 ('112','4','1','nulla dapibus dolor vel est donec odio justo sollicitudin ut suscipit','1'),
 ('113','1','0','condimentum curabitur in libero ut massa volutpat convallis morbi odio odio elementum eu interdum','0'),
 ('114','5','1','tristique fusce congue diam id ornare imperdiet sapien urna pretium nisl ut volutpat sapien arcu sed augue','1'),
 ('115','4','0','neque vestibulum eget vulputate ut ultrices vel augue vestibulum ante ipsum primis in faucibus orci','1'),
 ('116','5','1','nisl aenean lectus pellentesque eget nunc donec quis','1'),
 ('117','5','0','pharetra magna vestibulum aliquet ultrices erat tortor sollicitudin mi sit amet lobortis sapien sapien non','0'),
 ('118','5','1','aliquam lacus morbi quis tortor id nulla ultrices aliquet maecenas leo odio condimentum','0'),
 ('119','5','1','massa id nisl venenatis lacinia','0'),
 ('120','2','1','morbi quis tortor id nulla ultrices aliquet maecenas leo odio condimentum','0'),
 ('121','4','1','purus aliquet at feugiat non pretium quis lectus suspendisse potenti in eleifend quam a odio in','1'),
 ('122','5','1','quam a odio in hac habitasse platea dictumst maecenas ut','1'),
 ('123','1','1','nulla nunc purus phasellus in felis donec semper','0'),
 ('124','5','1','pretium nisl ut volutpat sapien arcu sed augue aliquam erat volutpat in congue etiam justo etiam pretium','0'),
 ('125','2','0','mi pede malesuada in imperdiet et commodo vulputate','1'),
 ('126','2','0','amet justo morbi ut odio cras mi','0'),
 ('127','4','0','pede venenatis non sodales','0'),
 ('128','3','0','magnis dis parturient montes nascetur ridiculus mus etiam vel augue vestibulum rutrum rutrum neque aenean auctor','1'),
 ('129','4','0','nisl venenatis lacinia aenean','0'),
 ('130','1','0','sapien sapien non mi integer ac neque duis bibendum morbi non quam nec dui luctus rutrum nulla tellus in sagittis','1'),
 ('131','4','1','nullam molestie nibh in lectus pellentesque at nulla suspendisse','1'),
 ('132','2','1','porta volutpat erat quisque erat eros viverra eget congue eget semper rutrum nulla nunc purus','0'),
 ('133','3','1','nisi eu orci mauris lacinia sapien quis libero nullam','1'),
 ('134','4','0','nullam orci pede venenatis non sodales sed tincidunt eu felis fusce posuere felis sed lacus','1'),
 ('135','1','0','lectus aliquam sit amet diam in magna','0'),
 ('136','3','0','nam ultrices libero non mattis pulvinar nulla pede ullamcorper augue a suscipit nulla elit ac nulla sed','0'),
 ('137','1','0','morbi sem mauris laoreet ut rhoncus aliquet pulvinar sed nisl nunc rhoncus dui vel sem sed sagittis nam congue','1'),
 ('138','1','1','arcu sed augue aliquam erat volutpat in congue etiam justo etiam pretium','0'),
 ('139','4','0','orci vehicula condimentum curabitur in libero','0'),
 ('140','3','0','odio in hac habitasse','0'),
 ('141','2','0','vel est donec odio justo sollicitudin ut suscipit a feugiat et eros vestibulum ac','0'),
 ('142','5','1','id sapien in sapien iaculis congue vivamus metus arcu adipiscing','1'),
 ('143','4','1','amet sapien dignissim vestibulum vestibulum ante ipsum primis in faucibus orci luctus et ultrices posuere','0'),
 ('144','4','1','nec condimentum neque sapien placerat ante','1'),
 ('145','1','0','scelerisque mauris sit amet eros suspendisse accumsan tortor quis turpis sed ante vivamus tortor duis mattis egestas','1'),
 ('146','5','0','a libero nam dui proin leo odio porttitor id','0'),
 ('147','4','1','sapien iaculis congue vivamus metus arcu adipiscing molestie','0'),
 ('148','5','0','etiam vel augue vestibulum','1'),
 ('149','1','1','elementum eu interdum eu','0'),
 ('150','5','0','erat tortor sollicitudin mi sit amet lobortis sapien sapien non mi','0'),
 ('151','3','0','et magnis dis parturient montes nascetur ridiculus mus etiam vel augue vestibulum rutrum rutrum neque aenean auctor gravida','1'),
 ('152','5','0','consequat lectus in est risus auctor sed tristique in','0'),
 ('153','1','0','ligula sit amet eleifend pede libero quis','1'),
 ('154','5','0','gravida nisi at nibh in hac habitasse platea dictumst aliquam augue quam sollicitudin','0'),
 ('155','1','0','libero nam dui proin leo odio porttitor id consequat in consequat','0'),
 ('156','3','1','a nibh in quis justo maecenas rhoncus aliquam lacus morbi quis tortor id nulla ultrices aliquet maecenas','1'),
 ('157','3','0','turpis donec posuere metus vitae ipsum aliquam non mauris morbi non lectus','0'),
 ('158','2','0','mi integer ac neque duis bibendum morbi','0'),
 ('159','2','1','tellus nulla ut erat id','0'),
 ('160','3','1','in faucibus orci luctus et ultrices posuere cubilia curae nulla dapibus dolor vel est donec odio justo','0'),
 ('161','2','1','porta volutpat quam pede lobortis ligula sit amet eleifend pede libero quis orci nullam molestie nibh in lectus','0'),
 ('162','5','0','mauris eget massa tempor convallis nulla neque libero convallis eget eleifend luctus ultricies eu nibh quisque id','0'),
 ('163','4','0','posuere cubilia curae duis faucibus accumsan odio curabitur convallis duis consequat dui nec','1'),
 ('164','3','0','dapibus augue vel accumsan','0'),
 ('165','2','0','pede ullamcorper augue a suscipit nulla elit ac nulla sed vel enim sit amet nunc viverra dapibus','1'),
 ('166','1','1','consequat lectus in est risus auctor sed tristique in tempus sit amet sem fusce','0'),
 ('167','1','1','vel sem sed sagittis nam','0'),
 ('168','1','1','morbi quis tortor id nulla ultrices aliquet','1'),
 ('169','1','0','orci mauris lacinia sapien quis libero nullam sit amet turpis elementum ligula vehicula consequat morbi','1'),
 ('170','2','1','ante vel ipsum praesent blandit lacinia erat vestibulum sed magna at nunc commodo','1'),
 ('171','4','0','adipiscing elit proin risus praesent lectus vestibulum quam','0'),
 ('172','2','1','tortor duis mattis egestas metus aenean fermentum','0'),
 ('173','1','0','pellentesque ultrices mattis odio donec vitae nisi','0'),
 ('174','2','1','nisi vulputate nonummy maecenas tincidunt lacus at velit','1'),
 ('175','4','1','at feugiat non pretium quis','1'),
 ('176','3','0','condimentum curabitur in libero ut','0'),
 ('177','2','0','nisl duis ac nibh fusce lacus purus aliquet at feugiat non pretium quis lectus suspendisse potenti in eleifend quam a','0'),
 ('178','2','1','ac neque duis bibendum morbi non quam nec dui luctus','0'),
 ('179','4','1','adipiscing elit proin risus praesent lectus vestibulum quam','0'),
 ('180','1','1','sit amet nunc viverra dapibus nulla','1'),
 ('181','2','1','commodo vulputate justo in blandit ultrices enim lorem ipsum dolor sit amet consectetuer adipiscing elit proin','0'),
 ('182','5','1','maecenas tristique est et tempus semper est quam pharetra magna ac consequat','0'),
 ('183','1','0','parturient montes nascetur ridiculus mus etiam vel augue vestibulum rutrum rutrum','1'),
 ('184','5','0','in eleifend quam a odio in','1'),
 ('185','4','0','leo maecenas pulvinar','0'),
 ('186','2','1','lobortis sapien sapien non mi integer ac neque duis bibendum morbi non quam nec dui luctus rutrum','1'),
 ('187','1','0','aliquam convallis nunc proin at turpis','1'),
 ('188','5','0','morbi vel lectus in quam fringilla rhoncus mauris enim leo rhoncus sed vestibulum sit amet cursus id','1'),
 ('189','4','1','mus etiam vel augue vestibulum rutrum rutrum neque aenean auctor gravida sem praesent id massa id nisl venenatis lacinia','1'),
 ('190','5','0','nulla suscipit ligula in','1'),
 ('191','4','0','nam dui proin leo odio porttitor id','1'),
 ('192','2','1','lorem vitae mattis nibh ligula nec sem duis aliquam convallis nunc proin at turpis a pede posuere','1'),
 ('193','5','0','tincidunt ante vel ipsum praesent blandit','0'),
 ('194','5','1','lectus vestibulum quam sapien varius ut blandit','1'),
 ('195','3','1','sollicitudin ut suscipit a feugiat et eros vestibulum ac','0'),
 ('196','4','1','placerat praesent blandit nam nulla integer pede justo lacinia eget tincidunt eget tempus vel pede morbi porttitor lorem','1'),
 ('197','5','1','aenean fermentum donec ut mauris eget massa tempor convallis nulla neque libero convallis eget eleifend','0'),
 ('198','5','0','diam cras pellentesque','0'),
 ('199','1','0','libero nullam sit amet turpis elementum ligula vehicula','1'),
 ('200','4','0','dui maecenas tristique est et tempus semper est quam pharetra magna ac consequat metus','1');
CREATE TABLE "room" (
	`idRoom`	INTEGER NOT NULL PRIMARY KEY AUTOINCREMENT,
	`maxGuest`	NUMERIC,
	`isServiceable`	INTEGER,
	`services`	TEXT,
	`isAvailable`	INTEGER
);
INSERT INTO `room` (idRoom,maxGuest,isServiceable,services,isAvailable) VALUES (1,2,1,'lacinia aenean sit amet justo morbi ut odio cras mi pede malesuada in imperdiet et commodo vulputate justo',1),
 (2,4,0,'vulputate ut ultrices vel augue',0),
 (3,5,1,'at feugiat non pretium quis lectus suspendisse potenti in eleifend quam a odio in hac habitasse',1),
 (4,1,0,'non quam nec dui luctus rutrum nulla',1),
 (5,3,0,'amet eros suspendisse accumsan tortor quis turpis',1),
 (6,5,1,'donec dapibus duis at velit eu est congue elementum in hac habitasse platea dictumst morbi vestibulum',1),
 (7,5,1,'curabitur in libero ut massa volutpat convallis morbi odio odio elementum eu interdum',0),
 (8,1,1,'volutpat dui maecenas tristique est et tempus semper est',0),
 (9,2,0,'aliquet at feugiat non pretium quis lectus suspendisse potenti in eleifend quam a odio in hac habitasse platea dictumst maecenas',1),
 (10,4,1,'primis in faucibus orci luctus et ultrices posuere cubilia curae donec pharetra magna vestibulum aliquet ultrices erat tortor sollicitudin mi',0),
 (11,4,0,'id justo sit amet sapien dignissim vestibulum vestibulum ante ipsum primis in faucibus orci luctus et ultrices posuere',1),
 (12,5,0,'est lacinia nisi venenatis tristique fusce',1),
 (13,1,0,'dapibus augue vel accumsan tellus nisi eu orci mauris lacinia sapien quis libero nullam sit amet turpis elementum ligula',1),
 (14,3,0,'sed sagittis nam',1),
 (15,2,1,'dapibus duis at velit eu est congue elementum in hac habitasse platea',1),
 (16,2,1,'libero non mattis pulvinar nulla pede ullamcorper augue a suscipit nulla',0),
 (17,2,1,'lorem integer tincidunt ante vel ipsum praesent blandit lacinia erat vestibulum sed magna at nunc commodo placerat praesent',0),
 (18,1,0,'eu orci mauris lacinia sapien quis libero nullam sit amet turpis elementum ligula vehicula consequat morbi a ipsum',0),
 (19,3,0,'mauris lacinia sapien quis libero nullam sit amet turpis elementum ligula vehicula consequat morbi a ipsum integer a nibh in',1),
 (20,5,1,'molestie lorem quisque ut erat curabitur gravida nisi at nibh in',0),
 (21,4,0,'dapibus dolor vel est donec odio justo sollicitudin ut suscipit a feugiat et eros',0),
 (22,1,0,'suspendisse potenti nullam porttitor lacus at',1),
 (23,5,0,'pede libero quis orci nullam molestie nibh in lectus pellentesque at nulla suspendisse potenti cras in',1),
 (24,2,1,'duis bibendum felis sed interdum venenatis turpis enim blandit mi',1),
 (25,1,1,'donec quis orci eget orci vehicula condimentum curabitur in libero',1),
 (26,2,1,'malesuada in imperdiet et commodo vulputate justo in blandit ultrices',0),
 (27,1,1,'magna bibendum imperdiet nullam orci pede venenatis non sodales',1),
 (28,5,1,'nec nisi vulputate nonummy maecenas tincidunt lacus at velit vivamus vel',0),
 (29,2,1,'libero nam dui proin leo odio porttitor id consequat in consequat ut nulla sed accumsan felis',1),
 (30,2,0,'duis bibendum morbi non quam',1),
 (31,4,0,'in consequat ut',0),
 (32,3,0,'platea dictumst morbi vestibulum velit id pretium iaculis diam erat fermentum justo nec',0),
 (33,2,1,'volutpat sapien arcu sed augue aliquam erat volutpat in congue etiam justo etiam pretium iaculis justo',1),
 (34,2,0,'leo odio porttitor id consequat in',1),
 (35,3,1,'sapien sapien non mi integer ac neque duis bibendum morbi non quam nec dui luctus rutrum nulla tellus in sagittis',1),
 (36,1,0,'dictumst maecenas ut massa quis augue',0),
 (37,5,1,'nibh in hac habitasse platea dictumst aliquam',1),
 (38,1,0,'vel dapibus at diam nam',0),
 (39,2,1,'eros elementum pellentesque quisque porta volutpat erat quisque erat eros viverra eget congue',1),
 (40,2,0,'nulla mollis molestie lorem quisque ut erat curabitur gravida nisi at nibh in hac habitasse platea dictumst aliquam augue',0),
 (41,4,1,'nulla sed accumsan felis ut at dolor quis',0),
 (42,2,0,'fermentum donec ut mauris eget massa tempor convallis nulla neque libero convallis eget eleifend luctus ultricies eu nibh quisque id',0),
 (43,2,1,'aliquam convallis nunc proin at turpis a pede',0),
 (44,3,0,'metus aenean fermentum donec ut mauris eget massa tempor convallis nulla neque libero convallis eget eleifend',0),
 (45,2,0,'imperdiet et commodo vulputate justo in blandit ultrices enim lorem ipsum dolor sit amet',1),
 (46,2,0,'velit donec diam neque vestibulum eget vulputate ut ultrices vel',0),
 (47,3,1,'ridiculus mus etiam vel augue vestibulum rutrum rutrum neque aenean auctor gravida sem praesent',0),
 (48,2,1,'pellentesque volutpat dui maecenas tristique est et tempus semper est quam pharetra magna ac',0),
 (49,5,1,'amet eros suspendisse accumsan tortor quis turpis sed ante vivamus tortor',1),
 (50,5,1,'viverra diam vitae quam suspendisse potenti nullam porttitor lacus at turpis donec posuere',1),
 (51,2,0,'viverra eget congue eget semper rutrum nulla nunc',1),
 (52,5,0,'blandit non interdum in ante vestibulum ante ipsum primis in faucibus orci luctus et',0),
 (53,1,1,'iaculis congue vivamus metus arcu adipiscing molestie hendrerit at vulputate',0),
 (54,5,0,'nam dui proin leo odio porttitor id consequat in consequat ut',0),
 (55,5,0,'vestibulum velit id pretium iaculis diam erat fermentum',0),
 (56,3,0,'elit ac nulla sed vel enim sit amet nunc viverra',0),
 (57,4,1,'ipsum primis in faucibus orci luctus et ultrices posuere cubilia curae donec pharetra',1),
 (58,2,0,'consequat in consequat ut nulla sed',1),
 (59,5,0,'rutrum nulla tellus in sagittis dui vel nisl duis ac nibh fusce lacus purus aliquet at feugiat non pretium',1),
 (60,2,1,'condimentum id luctus nec molestie sed',1),
 (61,5,1,'volutpat eleifend donec ut dolor morbi vel lectus in quam fringilla rhoncus mauris enim leo rhoncus sed vestibulum sit',0),
 (62,1,1,'erat curabitur gravida nisi at nibh in',0),
 (63,4,0,'turpis nec euismod scelerisque quam turpis adipiscing lorem vitae mattis nibh ligula nec sem duis',0),
 (64,4,0,'orci mauris lacinia sapien quis libero nullam sit amet turpis elementum ligula vehicula consequat morbi',1),
 (65,4,0,'augue aliquam erat',1),
 (66,3,1,'tellus in sagittis dui vel',1),
 (67,5,0,'posuere nonummy integer non velit donec diam neque vestibulum eget vulputate ut ultrices vel augue vestibulum ante ipsum primis',0),
 (68,4,0,'eget orci vehicula condimentum curabitur in libero ut massa volutpat',0),
 (69,1,1,'sapien dignissim vestibulum vestibulum ante ipsum primis in faucibus orci luctus et ultrices posuere cubilia curae nulla',0),
 (70,4,0,'ultrices phasellus id sapien in sapien iaculis congue vivamus',0),
 (71,4,1,'etiam pretium iaculis justo in hac habitasse platea',1),
 (72,4,0,'bibendum morbi non quam nec dui luctus rutrum nulla tellus',0),
 (73,1,0,'viverra diam vitae quam suspendisse potenti nullam',1),
 (74,3,0,'vel nisl duis',0),
 (75,3,0,'consequat lectus in est risus auctor sed tristique in tempus sit amet sem fusce consequat nulla nisl',0),
 (76,1,0,'lobortis sapien sapien non mi integer ac neque duis bibendum morbi',1),
 (77,5,0,'neque sapien placerat ante nulla justo aliquam quis turpis eget elit sodales scelerisque mauris sit',0),
 (78,1,0,'pede libero quis orci nullam molestie nibh in lectus pellentesque',1),
 (79,3,0,'vulputate justo in blandit ultrices enim lorem ipsum dolor sit amet consectetuer adipiscing elit',1),
 (80,2,1,'tortor quis turpis sed ante vivamus tortor duis mattis egestas metus aenean fermentum donec ut mauris',1),
 (81,3,1,'nibh in hac habitasse',0),
 (82,1,1,'vestibulum rutrum rutrum neque aenean auctor gravida sem praesent id massa id nisl',0),
 (83,2,0,'rutrum nulla nunc purus phasellus in felis donec semper sapien a libero nam dui proin leo odio',0),
 (84,5,1,'pellentesque quisque porta volutpat erat quisque erat',0),
 (85,3,0,'ipsum ac tellus semper interdum mauris ullamcorper purus sit amet nulla quisque arcu libero',0),
 (86,5,1,'pede malesuada in imperdiet et commodo vulputate justo in',0),
 (87,5,1,'in tempor turpis nec euismod scelerisque',1),
 (88,1,0,'fusce consequat nulla nisl nunc nisl duis bibendum felis sed interdum venenatis turpis enim blandit mi in',0),
 (89,4,1,'quam a odio in hac habitasse platea dictumst maecenas ut massa quis augue luctus tincidunt nulla',1),
 (90,5,0,'tempus vel pede morbi porttitor lorem id ligula suspendisse ornare consequat lectus in est risus auctor sed tristique in tempus',1),
 (91,4,1,'sollicitudin vitae consectetuer eget rutrum at lorem',0),
 (92,5,1,'imperdiet nullam orci pede venenatis non sodales sed tincidunt eu felis fusce posuere felis sed lacus morbi',0),
 (93,1,1,'vel sem sed sagittis nam congue risus semper porta volutpat quam pede lobortis ligula sit amet eleifend pede libero',0),
 (94,4,1,'potenti in eleifend quam',1),
 (95,5,1,'sapien arcu sed augue aliquam erat volutpat in congue etiam justo etiam pretium iaculis justo in hac habitasse',0),
 (96,4,1,'amet diam in magna bibendum imperdiet nullam orci pede venenatis non sodales sed tincidunt eu felis fusce posuere felis sed',1),
 (97,4,0,'pede libero quis orci nullam molestie nibh in lectus pellentesque',1),
 (98,4,1,'nisi venenatis tristique fusce congue diam id ornare imperdiet sapien urna pretium nisl ut volutpat',1),
 (99,2,1,'integer ac neque duis bibendum morbi non quam nec dui luctus rutrum nulla tellus in sagittis dui vel',1),
 (100,5,1,'amet sem fusce consequat nulla nisl nunc nisl duis',0),
 (101,1,1,'curabitur at ipsum ac tellus semper interdum mauris ullamcorper purus sit amet nulla quisque arcu libero rutrum ac lobortis vel',0),
 (102,4,1,'diam neque vestibulum eget vulputate ut ultrices vel augue vestibulum ante ipsum primis in faucibus orci',0),
 (103,5,1,'ut rhoncus aliquet pulvinar sed nisl nunc rhoncus dui vel sem sed sagittis nam congue risus semper',0),
 (104,2,1,'cum sociis natoque penatibus et magnis dis parturient montes nascetur ridiculus mus vivamus vestibulum',0),
 (105,1,1,'nulla nisl nunc nisl duis bibendum felis sed interdum venenatis turpis enim blandit mi in',1),
 (106,5,0,'quisque id justo sit amet sapien dignissim vestibulum vestibulum ante ipsum primis in faucibus orci luctus et ultrices posuere',0),
 (107,4,0,'enim leo rhoncus sed vestibulum sit amet cursus id turpis integer aliquet massa id lobortis',0),
 (108,4,0,'mattis egestas metus aenean fermentum donec ut mauris eget massa tempor convallis',0),
 (109,3,1,'hac habitasse platea dictumst maecenas ut massa quis augue luctus tincidunt nulla mollis molestie lorem quisque ut erat curabitur',0),
 (110,2,0,'sit amet cursus id turpis integer aliquet massa id lobortis convallis tortor risus',1),
 (111,3,1,'sed sagittis nam congue risus semper',1),
 (112,4,1,'nulla dapibus dolor vel est donec odio justo sollicitudin ut suscipit',1),
 (113,1,0,'condimentum curabitur in libero ut massa volutpat convallis morbi odio odio elementum eu interdum',0),
 (114,5,1,'tristique fusce congue diam id ornare imperdiet sapien urna pretium nisl ut volutpat sapien arcu sed augue',1),
 (115,4,0,'neque vestibulum eget vulputate ut ultrices vel augue vestibulum ante ipsum primis in faucibus orci',1),
 (116,5,1,'nisl aenean lectus pellentesque eget nunc donec quis',1),
 (117,5,0,'pharetra magna vestibulum aliquet ultrices erat tortor sollicitudin mi sit amet lobortis sapien sapien non',0),
 (118,5,1,'aliquam lacus morbi quis tortor id nulla ultrices aliquet maecenas leo odio condimentum',0),
 (119,5,1,'massa id nisl venenatis lacinia',0),
 (120,2,1,'morbi quis tortor id nulla ultrices aliquet maecenas leo odio condimentum',0),
 (121,4,1,'purus aliquet at feugiat non pretium quis lectus suspendisse potenti in eleifend quam a odio in',1),
 (122,5,1,'quam a odio in hac habitasse platea dictumst maecenas ut',1),
 (123,1,1,'nulla nunc purus phasellus in felis donec semper',0),
 (124,5,1,'pretium nisl ut volutpat sapien arcu sed augue aliquam erat volutpat in congue etiam justo etiam pretium',0),
 (125,2,0,'mi pede malesuada in imperdiet et commodo vulputate',1),
 (126,2,0,'amet justo morbi ut odio cras mi',0),
 (127,4,0,'pede venenatis non sodales',0),
 (128,3,0,'magnis dis parturient montes nascetur ridiculus mus etiam vel augue vestibulum rutrum rutrum neque aenean auctor',1),
 (129,4,0,'nisl venenatis lacinia aenean',0),
 (130,1,0,'sapien sapien non mi integer ac neque duis bibendum morbi non quam nec dui luctus rutrum nulla tellus in sagittis',1),
 (131,4,1,'nullam molestie nibh in lectus pellentesque at nulla suspendisse',1),
 (132,2,1,'porta volutpat erat quisque erat eros viverra eget congue eget semper rutrum nulla nunc purus',0),
 (133,3,1,'nisi eu orci mauris lacinia sapien quis libero nullam',1),
 (134,4,0,'nullam orci pede venenatis non sodales sed tincidunt eu felis fusce posuere felis sed lacus',1),
 (135,1,0,'lectus aliquam sit amet diam in magna',0),
 (136,3,0,'nam ultrices libero non mattis pulvinar nulla pede ullamcorper augue a suscipit nulla elit ac nulla sed',0),
 (137,1,0,'morbi sem mauris laoreet ut rhoncus aliquet pulvinar sed nisl nunc rhoncus dui vel sem sed sagittis nam congue',1),
 (138,1,1,'arcu sed augue aliquam erat volutpat in congue etiam justo etiam pretium',0),
 (139,4,0,'orci vehicula condimentum curabitur in libero',0),
 (140,3,0,'odio in hac habitasse',0),
 (141,2,0,'vel est donec odio justo sollicitudin ut suscipit a feugiat et eros vestibulum ac',0),
 (142,5,1,'id sapien in sapien iaculis congue vivamus metus arcu adipiscing',1),
 (143,4,1,'amet sapien dignissim vestibulum vestibulum ante ipsum primis in faucibus orci luctus et ultrices posuere',0),
 (144,4,1,'nec condimentum neque sapien placerat ante',1),
 (145,1,0,'scelerisque mauris sit amet eros suspendisse accumsan tortor quis turpis sed ante vivamus tortor duis mattis egestas',1),
 (146,5,0,'a libero nam dui proin leo odio porttitor id',0),
 (147,4,1,'sapien iaculis congue vivamus metus arcu adipiscing molestie',0),
 (148,5,0,'etiam vel augue vestibulum',1),
 (149,1,1,'elementum eu interdum eu',0),
 (150,5,0,'erat tortor sollicitudin mi sit amet lobortis sapien sapien non mi',0),
 (151,3,0,'et magnis dis parturient montes nascetur ridiculus mus etiam vel augue vestibulum rutrum rutrum neque aenean auctor gravida',1),
 (152,5,0,'consequat lectus in est risus auctor sed tristique in',0),
 (153,1,0,'ligula sit amet eleifend pede libero quis',1),
 (154,5,0,'gravida nisi at nibh in hac habitasse platea dictumst aliquam augue quam sollicitudin',0),
 (155,1,0,'libero nam dui proin leo odio porttitor id consequat in consequat',0),
 (156,3,1,'a nibh in quis justo maecenas rhoncus aliquam lacus morbi quis tortor id nulla ultrices aliquet maecenas',1),
 (157,3,0,'turpis donec posuere metus vitae ipsum aliquam non mauris morbi non lectus',0),
 (158,2,0,'mi integer ac neque duis bibendum morbi',0),
 (159,2,1,'tellus nulla ut erat id',0),
 (160,3,1,'in faucibus orci luctus et ultrices posuere cubilia curae nulla dapibus dolor vel est donec odio justo',0),
 (161,2,1,'porta volutpat quam pede lobortis ligula sit amet eleifend pede libero quis orci nullam molestie nibh in lectus',0),
 (162,5,0,'mauris eget massa tempor convallis nulla neque libero convallis eget eleifend luctus ultricies eu nibh quisque id',0),
 (163,4,0,'posuere cubilia curae duis faucibus accumsan odio curabitur convallis duis consequat dui nec',1),
 (164,3,0,'dapibus augue vel accumsan',0),
 (165,2,0,'pede ullamcorper augue a suscipit nulla elit ac nulla sed vel enim sit amet nunc viverra dapibus',1),
 (166,1,1,'consequat lectus in est risus auctor sed tristique in tempus sit amet sem fusce',0),
 (167,1,1,'vel sem sed sagittis nam',0),
 (168,1,1,'morbi quis tortor id nulla ultrices aliquet',1),
 (169,1,0,'orci mauris lacinia sapien quis libero nullam sit amet turpis elementum ligula vehicula consequat morbi',1),
 (170,2,1,'ante vel ipsum praesent blandit lacinia erat vestibulum sed magna at nunc commodo',1),
 (171,4,0,'adipiscing elit proin risus praesent lectus vestibulum quam',0),
 (172,2,1,'tortor duis mattis egestas metus aenean fermentum',0),
 (173,1,0,'pellentesque ultrices mattis odio donec vitae nisi',0),
 (174,2,1,'nisi vulputate nonummy maecenas tincidunt lacus at velit',1),
 (175,4,1,'at feugiat non pretium quis',1),
 (176,3,0,'condimentum curabitur in libero ut',0),
 (177,2,0,'nisl duis ac nibh fusce lacus purus aliquet at feugiat non pretium quis lectus suspendisse potenti in eleifend quam a',0),
 (178,2,1,'ac neque duis bibendum morbi non quam nec dui luctus',0),
 (179,4,1,'adipiscing elit proin risus praesent lectus vestibulum quam',0),
 (180,1,1,'sit amet nunc viverra dapibus nulla',1),
 (181,2,1,'commodo vulputate justo in blandit ultrices enim lorem ipsum dolor sit amet consectetuer adipiscing elit proin',0),
 (182,5,1,'maecenas tristique est et tempus semper est quam pharetra magna ac consequat',0),
 (183,1,0,'parturient montes nascetur ridiculus mus etiam vel augue vestibulum rutrum rutrum',1),
 (184,5,0,'in eleifend quam a odio in',1),
 (185,4,0,'leo maecenas pulvinar',0),
 (186,2,1,'lobortis sapien sapien non mi integer ac neque duis bibendum morbi non quam nec dui luctus rutrum',1),
 (187,1,0,'aliquam convallis nunc proin at turpis',1),
 (188,5,0,'morbi vel lectus in quam fringilla rhoncus mauris enim leo rhoncus sed vestibulum sit amet cursus id',1),
 (189,4,1,'mus etiam vel augue vestibulum rutrum rutrum neque aenean auctor gravida sem praesent id massa id nisl venenatis lacinia',1),
 (190,5,0,'nulla suscipit ligula in',1),
 (191,4,0,'nam dui proin leo odio porttitor id',1),
 (192,2,1,'lorem vitae mattis nibh ligula nec sem duis aliquam convallis nunc proin at turpis a pede posuere',1),
 (193,5,0,'tincidunt ante vel ipsum praesent blandit',0),
 (194,5,1,'lectus vestibulum quam sapien varius ut blandit',1),
 (195,3,1,'sollicitudin ut suscipit a feugiat et eros vestibulum ac',0),
 (196,4,1,'placerat praesent blandit nam nulla integer pede justo lacinia eget tincidunt eget tempus vel pede morbi porttitor lorem',1),
 (197,5,1,'aenean fermentum donec ut mauris eget massa tempor convallis nulla neque libero convallis eget eleifend',0),
 (198,5,0,'diam cras pellentesque',0),
 (199,1,0,'libero nullam sit amet turpis elementum ligula vehicula',1),
 (200,4,0,'dui maecenas tristique est et tempus semper est quam pharetra magna ac consequat metus',1);
CREATE TABLE `reservation` (
	`idReservation`	INTEGER NOT NULL PRIMARY KEY AUTOINCREMENT,
	`idCustomer`	INTEGER NOT NULL,
	`idRoom`	INTEGER NOT NULL,
	`startDate`	TEXT,
	`endDate`	TEXT,
	FOREIGN KEY(`idCustomer`) REFERENCES costumer(idCostumer),
	FOREIGN KEY(`idRoom`) REFERENCES room(idRoom)
);
INSERT INTO `reservation` (idReservation,idCustomer,idRoom,startDate,endDate) VALUES (1,42,57,'12/17/2015','7/14/2016'),
 (2,44,146,'3/26/2016','10/24/2016'),
 (3,25,100,'11/22/2015','8/12/2016'),
 (4,72,146,'3/31/2016','5/16/2016'),
 (5,118,108,'6/21/2016','12/28/2015'),
 (6,59,18,'1/26/2016','7/28/2016'),
 (7,31,101,'10/29/2015','4/14/2016'),
 (8,196,11,'11/23/2015','4/26/2016'),
 (9,11,25,'11/5/2015','1/6/2016'),
 (10,135,86,'4/25/2016','8/28/2016'),
 (11,19,89,'9/20/2016','6/5/2016'),
 (12,115,50,'5/12/2016','6/13/2016'),
 (13,191,12,'6/26/2016','7/23/2016'),
 (14,169,133,'6/29/2016','8/8/2016'),
 (15,71,140,'2/7/2016','12/17/2015'),
 (16,40,149,'4/19/2016','5/19/2016'),
 (17,93,151,'1/27/2016','3/1/2016'),
 (18,190,49,'4/2/2016','11/11/2015'),
 (19,21,1,'8/24/2016','3/17/2016'),
 (20,180,110,'5/18/2016','8/28/2016'),
 (21,72,148,'10/13/2016','11/13/2015'),
 (22,39,138,'4/13/2016','7/3/2016'),
 (23,145,3,'11/27/2015','11/2/2015'),
 (24,98,5,'5/23/2016','11/19/2015'),
 (25,85,62,'10/9/2016','12/18/2015'),
 (26,147,128,'2/23/2016','5/29/2016'),
 (27,140,64,'3/26/2016','2/25/2016'),
 (28,138,170,'6/25/2016','8/3/2016'),
 (29,56,69,'11/26/2015','5/10/2016'),
 (30,32,4,'2/15/2016','11/5/2015'),
 (31,176,93,'7/7/2016','8/27/2016'),
 (32,84,184,'3/1/2016','6/23/2016'),
 (33,162,110,'9/30/2016','5/1/2016'),
 (34,73,86,'11/12/2015','6/14/2016'),
 (35,22,99,'3/11/2016','10/21/2016'),
 (36,167,29,'8/24/2016','11/7/2015'),
 (37,90,80,'2/22/2016','11/3/2015'),
 (38,173,30,'6/12/2016','12/5/2015'),
 (39,86,29,'1/2/2016','1/19/2016'),
 (40,116,189,'3/9/2016','7/25/2016'),
 (41,150,158,'10/27/2016','7/9/2016'),
 (42,73,24,'7/4/2016','6/20/2016'),
 (43,95,106,'11/22/2015','2/7/2016'),
 (44,51,190,'12/8/2015','1/7/2016'),
 (45,26,19,'4/10/2016','1/6/2016'),
 (46,44,171,'10/11/2016','3/14/2016'),
 (47,14,151,'4/24/2016','10/6/2016'),
 (48,9,26,'6/23/2016','1/29/2016'),
 (49,107,125,'5/8/2016','2/19/2016'),
 (50,41,121,'6/17/2016','1/11/2016'),
 (51,185,58,'6/20/2016','11/24/2015'),
 (52,193,84,'4/25/2016','2/26/2016'),
 (53,34,106,'1/29/2016','4/24/2016'),
 (54,112,146,'11/5/2015','1/5/2016'),
 (55,140,87,'4/12/2016','3/28/2016'),
 (56,104,163,'9/19/2016','8/11/2016'),
 (57,147,133,'3/9/2016','2/26/2016'),
 (58,6,176,'10/13/2016','1/25/2016'),
 (59,31,53,'6/17/2016','3/9/2016'),
 (60,67,24,'6/28/2016','10/19/2016'),
 (61,164,153,'2/7/2016','6/10/2016'),
 (62,117,5,'12/8/2015','2/21/2016'),
 (63,131,70,'4/4/2016','9/29/2016'),
 (64,164,1,'3/27/2016','7/4/2016'),
 (65,113,104,'3/1/2016','2/22/2016'),
 (66,120,3,'12/9/2015','12/10/2015'),
 (67,55,127,'2/13/2016','12/23/2015'),
 (68,67,139,'10/5/2016','4/14/2016'),
 (69,120,99,'7/7/2016','3/7/2016'),
 (70,164,61,'12/24/2015','4/19/2016'),
 (71,71,125,'3/29/2016','1/30/2016'),
 (72,35,50,'10/20/2016','5/18/2016'),
 (73,177,158,'2/12/2016','8/22/2016'),
 (74,188,122,'4/26/2016','1/22/2016'),
 (75,171,71,'10/6/2016','3/7/2016'),
 (76,114,157,'9/27/2016','7/20/2016'),
 (77,97,110,'8/30/2016','12/4/2015'),
 (78,29,85,'8/24/2016','5/23/2016'),
 (79,116,69,'7/20/2016','6/14/2016'),
 (80,101,173,'12/14/2015','3/17/2016'),
 (81,88,80,'3/22/2016','10/11/2016'),
 (82,197,50,'3/22/2016','1/21/2016'),
 (83,57,1,'6/28/2016','5/11/2016'),
 (84,123,90,'4/29/2016','10/27/2016'),
 (85,123,102,'11/6/2015','11/14/2015'),
 (86,143,41,'4/3/2016','8/23/2016'),
 (87,110,85,'8/30/2016','12/21/2015'),
 (88,188,173,'6/21/2016','11/30/2015'),
 (89,182,127,'7/2/2016','6/2/2016'),
 (90,56,7,'3/6/2016','10/8/2016'),
 (91,7,33,'1/28/2016','4/19/2016'),
 (92,144,156,'11/14/2015','5/21/2016'),
 (93,5,64,'10/6/2016','9/28/2016'),
 (94,164,152,'6/29/2016','3/2/2016'),
 (95,66,52,'3/18/2016','5/20/2016'),
 (96,193,90,'9/3/2016','9/26/2016'),
 (97,199,76,'7/6/2016','9/10/2016'),
 (98,67,158,'11/18/2015','10/10/2016'),
 (99,105,195,'10/5/2016','3/17/2016'),
 (100,199,177,'4/12/2016','3/10/2016'),
 (101,171,34,'11/17/2015','7/19/2016'),
 (102,47,97,'4/2/2016','4/5/2016'),
 (103,116,37,'6/29/2016','1/11/2016'),
 (104,194,106,'10/18/2016','3/8/2016'),
 (105,2,55,'8/13/2016','2/6/2016'),
 (106,68,28,'8/31/2016','1/6/2016'),
 (107,124,187,'2/26/2016','8/8/2016'),
 (108,149,17,'1/29/2016','3/29/2016'),
 (109,191,133,'11/5/2015','7/11/2016'),
 (110,24,107,'6/7/2016','12/18/2015'),
 (111,75,4,'10/19/2016','7/22/2016'),
 (112,156,170,'9/15/2016','4/12/2016'),
 (113,163,32,'7/6/2016','12/27/2015'),
 (114,171,49,'12/31/2015','9/5/2016'),
 (115,42,75,'6/17/2016','1/28/2016'),
 (116,122,7,'12/22/2015','1/24/2016'),
 (117,176,134,'11/7/2015','3/6/2016'),
 (118,180,55,'12/13/2015','3/10/2016'),
 (119,4,41,'5/17/2016','7/14/2016'),
 (120,7,100,'7/16/2016','2/19/2016'),
 (121,167,196,'8/20/2016','8/8/2016'),
 (122,175,90,'10/1/2016','7/22/2016'),
 (123,185,71,'3/22/2016','1/13/2016'),
 (124,144,153,'1/11/2016','9/5/2016'),
 (125,95,196,'8/15/2016','1/14/2016'),
 (126,95,36,'10/6/2016','2/22/2016'),
 (127,49,42,'1/30/2016','5/16/2016'),
 (128,109,21,'10/19/2016','5/7/2016'),
 (129,160,132,'6/9/2016','5/13/2016'),
 (130,140,50,'3/13/2016','5/12/2016'),
 (131,92,181,'12/4/2015','2/2/2016'),
 (132,174,129,'6/9/2016','5/24/2016'),
 (133,123,166,'10/29/2015','2/4/2016'),
 (134,104,97,'2/26/2016','7/18/2016'),
 (135,159,81,'4/21/2016','5/17/2016'),
 (136,115,162,'9/16/2016','9/9/2016'),
 (137,12,64,'11/25/2015','3/29/2016'),
 (138,144,103,'12/21/2015','1/6/2016'),
 (139,150,73,'7/6/2016','8/21/2016'),
 (140,199,103,'4/3/2016','4/21/2016'),
 (141,88,185,'7/11/2016','4/16/2016'),
 (142,131,137,'9/9/2016','8/19/2016'),
 (143,167,77,'12/14/2015','7/4/2016'),
 (144,154,42,'8/25/2016','10/14/2016'),
 (145,152,135,'6/5/2016','3/18/2016'),
 (146,64,182,'2/18/2016','11/14/2015'),
 (147,165,69,'2/22/2016','7/8/2016'),
 (148,29,188,'4/3/2016','1/21/2016'),
 (149,109,82,'3/31/2016','10/26/2016'),
 (150,76,90,'3/30/2016','10/16/2016'),
 (151,174,64,'1/9/2016','7/10/2016'),
 (152,48,27,'4/7/2016','10/2/2016'),
 (153,61,24,'3/9/2016','12/20/2015'),
 (154,118,130,'9/6/2016','5/17/2016'),
 (155,200,2,'12/15/2015','12/23/2015'),
 (156,190,104,'7/14/2016','1/13/2016'),
 (157,80,26,'1/27/2016','6/29/2016'),
 (158,70,170,'7/6/2016','12/6/2015'),
 (159,40,50,'8/26/2016','10/6/2016'),
 (160,182,116,'10/4/2016','7/27/2016'),
 (161,106,40,'12/1/2015','8/6/2016'),
 (162,98,100,'6/19/2016','5/1/2016'),
 (163,32,161,'6/16/2016','9/7/2016'),
 (164,154,107,'8/3/2016','7/29/2016'),
 (165,71,12,'4/1/2016','4/21/2016'),
 (166,13,175,'10/27/2016','12/17/2015'),
 (167,19,193,'1/4/2016','2/20/2016'),
 (168,128,7,'3/2/2016','10/6/2016'),
 (169,106,20,'2/11/2016','2/24/2016'),
 (170,94,149,'5/4/2016','10/18/2016'),
 (171,185,134,'7/10/2016','11/3/2015'),
 (172,18,118,'3/27/2016','9/2/2016'),
 (173,82,95,'1/2/2016','10/12/2016'),
 (174,72,31,'7/28/2016','5/18/2016'),
 (175,101,189,'5/19/2016','6/12/2016'),
 (176,188,76,'4/8/2016','5/5/2016'),
 (177,200,151,'4/28/2016','11/26/2015'),
 (178,61,42,'7/9/2016','7/2/2016'),
 (179,128,185,'11/18/2015','5/25/2016'),
 (180,20,123,'2/7/2016','11/21/2015'),
 (181,119,74,'8/6/2016','9/21/2016'),
 (182,169,116,'4/20/2016','7/28/2016'),
 (183,113,151,'3/1/2016','6/29/2016'),
 (184,138,60,'7/8/2016','12/6/2015'),
 (185,12,139,'7/22/2016','9/26/2016'),
 (186,29,56,'5/27/2016','6/7/2016'),
 (187,24,23,'10/5/2016','5/3/2016'),
 (188,107,58,'10/11/2016','7/23/2016'),
 (189,183,173,'11/7/2015','10/5/2016'),
 (190,68,14,'3/7/2016','12/24/2015'),
 (191,123,97,'4/21/2016','7/10/2016'),
 (192,102,39,'9/27/2016','11/22/2015'),
 (193,35,57,'6/11/2016','12/28/2015'),
 (194,44,90,'9/10/2016','11/5/2015'),
 (195,121,186,'3/29/2016','12/10/2015'),
 (196,45,181,'10/30/2015','4/13/2016'),
 (197,35,97,'12/9/2015','10/24/2016'),
 (198,189,42,'12/17/2015','11/25/2015'),
 (199,27,35,'10/1/2016','7/15/2016'),
 (200,14,178,'10/16/2016','6/14/2016');
CREATE TABLE `customer_csv` (
	`field1`	,
	`field2`	,
	`field3`	,
	`field4`	,
	`field5`	,
	`field6`	,
	`field7`	
);
INSERT INTO `customer_csv` (field1,field2,field3,field4,field5,field6,field7) VALUES ('idCustomer','name','surname','mailAddress','cellPhoneNumber','cardNumber','taxCode'),
 ('1','Doris','Vasquez','dvasquez0@aboutads.info','46-(384)271-0576','5411125862949481','422-53-0816'),
 ('2','Jean','Fowler','jfowler1@twitter.com','351-(492)612-7720','3564737732881809','578-97-7524'),
 ('3','Brandon','Hawkins','bhawkins2@people.com.cn','86-(188)456-8474','3566247108172237','486-08-7622'),
 ('4','Laura','Reid','lreid3@bing.com','86-(795)587-4674','6761550634072112452','101-36-6563'),
 ('5','Frank','Grant','fgrant4@opera.com','385-(447)116-1614','372301515178616','678-58-4108'),
 ('6','Chris','Watkins','cwatkins5@dot.gov','261-(777)335-1360','560221816933962958','883-07-9610'),
 ('7','Diane','Burton','dburton6@printfriendly.com','351-(142)760-4768','5602212006930418','728-15-5416'),
 ('8','Phyllis','Reed','preed7@posterous.com','30-(863)549-8894','3528926630483462','687-33-0279'),
 ('9','Annie','Hunter','ahunter8@youtube.com','977-(498)682-0925','3572776757612160','489-44-8866'),
 ('10','Stephanie','Oliver','soliver9@zdnet.com','61-(597)236-0157','6759518121957881','911-97-7913'),
 ('11','Philip','Graham','pgrahama@zdnet.com','48-(993)434-2662','5352123666445328','327-80-4193'),
 ('12','Jimmy','Stewart','jstewartb@amazon.com','39-(628)752-7626','6767296932336025601','644-26-8320'),
 ('13','Jean','Little','jlittlec@github.com','381-(186)657-3718','5610545318663585','934-34-0972'),
 ('14','Steve','Taylor','staylord@archive.org','380-(983)350-7451','4917265882083564','230-96-2732'),
 ('15','Karen','Edwards','kedwardse@cpanel.net','351-(494)209-5071','3583608250964193','943-44-5802'),
 ('16','Anthony','Hudson','ahudsonf@diigo.com','57-(832)215-4596','201497655087950','130-60-4177'),
 ('17','Joshua','Griffin','jgriffing@msn.com','55-(513)823-5056','589334145134199407','285-14-0112'),
 ('18','Teresa','Hicks','thicksh@examiner.com','351-(807)907-0406','4017959804258366','933-80-4223'),
 ('19','Mary','Martinez','mmartinezi@cnbc.com','372-(923)927-6274','3542852213862454','982-14-9710'),
 ('20','Stephanie','Hernandez','shernandezj@taobao.com','86-(537)417-3564','3573886583886042','342-62-7045'),
 ('21','Wanda','Reynolds','wreynoldsk@reference.com','7-(416)761-0436','3570621250269708','167-29-0916'),
 ('22','Emily','Jacobs','ejacobsl@people.com.cn','86-(351)766-6081','3564572736437831','916-39-1271'),
 ('23','Tina','Gutierrez','tgutierrezm@is.gd','62-(192)864-6023','3559343576172400','712-50-7047'),
 ('24','Theresa','Hudson','thudsonn@hhs.gov','51-(842)216-4181','5602241099673189','216-68-4271'),
 ('25','Gerald','Lawson','glawsono@usgs.gov','967-(128)400-9605','6377292955777938','831-77-2552'),
 ('26','Sandra','Arnold','sarnoldp@nytimes.com','48-(385)156-5869','5602248316105408','593-87-9532'),
 ('27','Robin','Gordon','rgordonq@mayoclinic.com','86-(116)729-9203','5610899976018396','767-35-7931'),
 ('28','Victor','Weaver','vweaverr@ask.com','62-(982)972-7973','4917078580942746','530-88-0532'),
 ('29','Gloria','Gordon','ggordons@aol.com','86-(846)363-1904','5602216578274485','704-64-2920'),
 ('30','Christine','Mccoy','cmccoyt@home.pl','63-(319)367-4164','5048377278192450','749-70-1595'),
 ('31','Nicholas','Perry','nperryu@newyorker.com','880-(627)968-6101','4026142648187757','964-92-3560'),
 ('32','Judith','Burton','jburtonv@surveymonkey.com','691-(383)896-7361','3544545750289713','172-31-8583'),
 ('33','Theresa','Cox','tcoxw@xing.com','86-(689)677-6792','5602258908487924','679-98-0243'),
 ('34','Henry','Williamson','hwilliamsonx@last.fm','48-(175)789-1974','5366962578732842','927-96-9819'),
 ('35','Robert','Ferguson','rfergusony@people.com.cn','27-(111)888-0905','5380041920419200','672-02-8889'),
 ('36','Gary','Flores','gfloresz@epa.gov','351-(102)153-1037','3576397800902791','363-94-1267'),
 ('37','Gloria','Lawrence','glawrence10@a8.net','86-(492)552-5308','676753631725259491','690-41-5429'),
 ('38','Virginia','Day','vday11@nba.com','389-(539)168-4349','3578131685936121','687-26-5345'),
 ('39','Timothy','Day','tday12@addtoany.com','95-(275)716-8330','3547577793364945','121-41-7213'),
 ('40','Stephanie','Foster','sfoster13@netscape.com','86-(525)177-7467','378602581526701','611-43-6737'),
 ('41','Anna','Gomez','agomez14@hhs.gov','86-(562)235-9241','3533775651695220','780-19-6862'),
 ('42','Christina','Cook','ccook15@arizona.edu','86-(913)859-4997','3555998063568123','174-84-9259'),
 ('43','Judith','Elliott','jelliott16@usgs.gov','971-(454)124-0157','5379503697601115','343-75-6520'),
 ('44','Amanda','Henry','ahenry17@moonfruit.com','62-(718)624-5140','3561911103614320','737-84-6635'),
 ('45','Katherine','Reyes','kreyes18@cbsnews.com','251-(763)550-8870','3574211900304596','456-18-6992'),
 ('46','Kathryn','Powell','kpowell19@berkeley.edu','57-(232)951-8348','3573779578974370','567-11-8144'),
 ('47','Patrick','Coleman','pcoleman1a@nymag.com','86-(911)969-3754','3565850763377180','108-62-5024'),
 ('48','Thomas','Boyd','tboyd1b@bbc.co.uk','48-(549)560-5499','201458253488610','588-40-7841'),
 ('49','Christine','Boyd','cboyd1c@aol.com','1-(971)545-9309','5602242177892527','284-84-3994'),
 ('50','Joshua','Green','jgreen1d@umich.edu','235-(555)396-2100','3551272289768949','545-65-2915'),
 ('51','Stephen','Hart','shart1e@ebay.co.uk','62-(427)951-6673','3548642990178925','962-13-6297'),
 ('52','Louise','Bailey','lbailey1f@wikipedia.org','351-(699)521-9338','5007664160700121','480-31-3982'),
 ('53','Shawn','Hill','shill1g@shop-pro.jp','380-(513)968-4337','3588599540649295','633-50-2190'),
 ('54','Judith','Kelly','jkelly1h@wikia.com','48-(885)882-1449','3543893192459879','470-24-3191'),
 ('55','Eric','Jacobs','ejacobs1i@digg.com','63-(275)931-1446','3558301213953401','653-26-5122'),
 ('56','Richard','Day','rday1j@dmoz.org','380-(215)274-5700','3550835984968336','156-42-5843'),
 ('57','Gloria','Gutierrez','ggutierrez1k@deviantart.com','1-(843)720-0150','201603161661150','397-12-1880'),
 ('58','Ruth','Henry','rhenry1l@wikipedia.org','48-(223)990-3920','3537627552319564','241-44-3387'),
 ('59','Evelyn','Fisher','efisher1m@constantcontact.com','84-(877)829-3411','4936994633209601','626-63-6428'),
 ('60','Steven','Jackson','sjackson1n@facebook.com','998-(286)433-5498','30195706400761','531-50-6708'),
 ('61','Chris','Davis','cdavis1o@constantcontact.com','7-(139)706-9296','6771713897605038','292-73-9611'),
 ('62','Phyllis','Roberts','proberts1p@java.com','86-(670)299-8945','060429537501119489','794-80-3077'),
 ('63','Frances','Myers','fmyers1q@theguardian.com','86-(644)476-5732','3542344449726612','183-01-3559'),
 ('64','Randy','Gibson','rgibson1r@chron.com','7-(906)699-4983','5602240554474281','237-03-6624'),
 ('65','Julia','Rodriguez','jrodriguez1s@si.edu','972-(608)612-5568','5602253339062198','181-22-8210'),
 ('66','Phillip','Hughes','phughes1t@vk.com','7-(460)932-6421','6762354865902536','813-64-1441'),
 ('67','Ryan','Bowman','rbowman1u@1und1.de','358-(241)123-1571','677160435437181992','473-18-5329'),
 ('68','Roy','Larson','rlarson1v@ifeng.com','7-(965)205-1594','3572740035568255','255-91-3799'),
 ('69','Philip','Harrison','pharrison1w@cnbc.com','30-(626)463-7372','670665025340561722','362-75-6185'),
 ('70','Keith','Robertson','krobertson1x@imdb.com','86-(250)877-1796','67714933317800983','970-96-2835'),
 ('71','Nicole','George','ngeorge1y@live.com','86-(335)833-2927','50387599930594055','236-89-9800'),
 ('72','Ronald','Riley','rriley1z@shareasale.com','48-(129)932-7659','30004184515142','566-65-1716'),
 ('73','Russell','Baker','rbaker20@samsung.com','86-(179)207-2324','4905261218639203387','813-12-9632'),
 ('74','Russell','Hernandez','rhernandez21@businessweek.com','387-(321)907-4176','5602237961855657090','971-80-3247'),
 ('75','Lois','Burton','lburton22@taobao.com','34-(467)129-0602','5602238359193891704','207-56-5649'),
 ('76','Alan','Wright','awright23@tamu.edu','355-(932)484-7618','4017950076620','705-00-4052'),
 ('77','Terry','Owens','towens24@goo.ne.jp','57-(899)697-4544','3589702206485553','292-78-6455'),
 ('78','Ralph','Harrison','rharrison25@slate.com','52-(966)686-3090','5893311623827407848','746-44-1136'),
 ('79','Jennifer','Porter','jporter26@bravesites.com','66-(308)220-6521','3567188726395637','314-37-8429'),
 ('80','Roger','George','rgeorge27@reverbnation.com','359-(420)536-7443','3538494386223564','790-44-8002'),
 ('81','Ralph','Hughes','rhughes28@narod.ru','81-(296)456-1561','30443330816022','662-08-0742'),
 ('82','Jane','Garcia','jgarcia29@themeforest.net','86-(817)881-6103','340955610638664','413-52-2888'),
 ('83','Henry','Mccoy','hmccoy2a@jigsy.com','420-(374)917-6338','3587410790665042','374-14-7972'),
 ('84','Julie','Walker','jwalker2b@aol.com','86-(392)315-8413','3531596955400691','102-65-4319'),
 ('85','Cheryl','Martinez','cmartinez2c@intel.com','55-(344)283-1817','3579614849821858','165-31-3236'),
 ('86','Ann','Greene','agreene2d@shinystat.com','47-(713)183-4498','3537509621976311','618-66-3407'),
 ('87','Stephen','Hawkins','shawkins2e@cbc.ca','689-(648)703-2406','4911214478432922','934-24-5022'),
 ('88','Rachel','Nguyen','rnguyen2f@ycombinator.com','62-(405)373-2342','5513310323424277','590-53-8798'),
 ('89','Edward','Black','eblack2g@quantcast.com','86-(742)112-1701','201475764635174','928-63-5599'),
 ('90','Virginia','Peterson','vpeterson2h@discovery.com','502-(775)675-5000','3584783335361183','551-43-8022'),
 ('91','Sandra','Patterson','spatterson2i@goo.gl','380-(960)493-7694','3579410001397161','233-09-0317'),
 ('92','Juan','Alexander','jalexander2j@wikispaces.com','420-(436)128-0038','3569765475448275','983-77-6231'),
 ('93','Todd','Howell','thowell2k@tripod.com','54-(794)594-8528','6378262231357523','527-12-9994'),
 ('94','Walter','Reed','wreed2l@dyndns.org','62-(353)536-2891','3577427306230113','292-04-4571'),
 ('95','Lawrence','Porter','lporter2m@baidu.com','255-(429)643-9965','3580299889166948','832-49-6654'),
 ('96','Peter','Dean','pdean2n@opensource.org','66-(738)976-3639','4903167684937822113','660-05-5156'),
 ('97','Charles','Freeman','cfreeman2o@yellowbook.com','66-(637)398-4794','3577918857472054','548-65-4619'),
 ('98','Craig','Lopez','clopez2p@kickstarter.com','62-(310)768-2146','4041592928931','621-07-3138'),
 ('99','Joe','Webb','jwebb2q@chicagotribune.com','48-(559)321-9864','3549108938979138','101-70-1645'),
 ('100','Ryan','Shaw','rshaw2r@jigsy.com','55-(614)935-0817','5602240651864988','315-06-4787'),
 ('101','William','Peterson','wpeterson2s@hostgator.com','7-(352)145-7848','3540758136362195','963-25-6767'),
 ('102','Marilyn','Bailey','mbailey2t@nymag.com','86-(783)268-5286','201559279468328','463-57-4616'),
 ('103','Nancy','Powell','npowell2u@unesco.org','7-(649)732-4425','6304895649226061044','996-06-5149'),
 ('104','Stephen','Anderson','sanderson2v@wikia.com','63-(710)564-9737','3540466815609833','173-37-5740'),
 ('105','Samuel','Howell','showell2w@opera.com','351-(380)279-2836','5108758035356800','137-62-5501'),
 ('106','Dorothy','Fox','dfox2x@jiathis.com','63-(323)267-7987','56105022352490973','321-21-8086'),
 ('107','Ryan','Bell','rbell2y@soundcloud.com','232-(684)347-6214','3538680691926509','215-11-8351'),
 ('108','Teresa','Dean','tdean2z@state.tx.us','86-(238)765-8846','3588491775454189','651-11-8369'),
 ('109','Doris','Ramos','dramos30@nbcnews.com','63-(372)103-4226','3549518935654098','849-55-2365'),
 ('110','Timothy','Duncan','tduncan31@so-net.ne.jp','27-(578)802-8449','3555336379987127','366-27-5699'),
 ('111','Betty','Stephens','bstephens32@seesaa.net','1-(716)713-1679','201707794935079','158-23-1946'),
 ('112','Jeffrey','Cole','jcole33@hp.com','591-(911)739-5123','5602234718462702997','100-16-3383'),
 ('113','Amanda','Warren','awarren34@usnews.com','66-(280)277-9449','3531483104260864','495-63-4447'),
 ('114','Betty','Butler','bbutler35@ask.com','66-(105)416-6890','3553948169269250','177-79-2758'),
 ('115','Melissa','Jackson','mjackson36@storify.com','62-(569)968-8966','5038262013530327791','177-85-6083'),
 ('116','Anne','Jones','ajones37@mail.ru','994-(346)829-6897','3562697810939337','576-04-2737'),
 ('117','Lisa','Arnold','larnold38@fastcompany.com','86-(808)228-4763','3555170149385647','407-19-0759'),
 ('118','Daniel','Graham','dgraham39@live.com','46-(407)606-9937','3580522409273518','543-78-1299'),
 ('119','Harry','Garcia','hgarcia3a@gravatar.com','84-(311)391-2054','3571254266854872','922-91-8474'),
 ('120','Bonnie','Pierce','bpierce3b@usda.gov','1-(378)484-7673','67621998060634600','236-95-4166'),
 ('121','Robin','Reyes','rreyes3c@yale.edu','86-(779)485-1445','3533925602005918','775-38-1188'),
 ('122','Johnny','Roberts','jroberts3d@unicef.org','46-(329)149-1540','4844891636745568','220-07-2645'),
 ('123','Randy','Carter','rcarter3e@mac.com','1-(307)556-2843','3570001375348499','543-26-4121'),
 ('124','Sarah','Wheeler','swheeler3f@discovery.com','230-(429)565-3455','3533521294025577','883-92-5627'),
 ('125','Joe','Larson','jlarson3g@sciencedaily.com','46-(767)824-7957','6372546367504262','873-56-6680'),
 ('126','Julia','Ferguson','jferguson3h@issuu.com','375-(817)336-1544','3544983844276224','715-39-8313'),
 ('127','Ann','Cruz','acruz3i@multiply.com','63-(745)363-6027','201626765957609','396-86-4466'),
 ('128','Lois','Campbell','lcampbell3j@wikipedia.org','1-(806)329-1820','3572562538385940','268-78-4218'),
 ('129','James','Diaz','jdiaz3k@freewebs.com','86-(999)410-0928','675911172186297291','385-50-1761'),
 ('130','Carl','Wilson','cwilson3l@ca.gov','62-(940)936-9269','5429375919733202','458-89-9715'),
 ('131','Billy','Frazier','bfrazier3m@narod.ru','63-(394)740-6437','3575310008447395','356-60-4963'),
 ('132','Barbara','Long','blong3n@latimes.com','86-(626)819-0809','6771773515112056','260-60-5189'),
 ('133','Joan','Clark','jclark3o@imgur.com','56-(908)861-7832','3573917588348926','880-14-0597'),
 ('134','Robin','Garcia','rgarcia3p@simplemachines.org','86-(716)477-9413','5602214756675706','140-40-2134'),
 ('135','Joan','Rogers','jrogers3q@ucoz.ru','220-(820)196-2193','5602236179785465','261-88-6165'),
 ('136','Anne','West','awest3r@princeton.edu','62-(342)740-8348','3534394827021805','573-20-6410'),
 ('137','Bonnie','Alexander','balexander3s@sbwire.com','1-(811)476-4635','67098010903214568','208-84-3870'),
 ('138','Kimberly','Bryant','kbryant3t@newsvine.com','235-(972)853-2441','6762201546062935','203-22-9565'),
 ('139','Ruth','Thomas','rthomas3u@rakuten.co.jp','972-(806)249-8975','3586797581373278','332-93-0143'),
 ('140','Anthony','Weaver','aweaver3v@twitter.com','55-(940)419-8529','5602215069996549','656-74-9850'),
 ('141','Patricia','Lynch','plynch3w@ox.ac.uk','358-(767)211-3834','3570550619427360','415-03-2355'),
 ('142','Louise','Grant','lgrant3x@quantcast.com','351-(193)866-9707','5602229076082564751','913-98-8174'),
 ('143','Joe','Robinson','jrobinson3y@smh.com.au','63-(492)515-1092','374288110664249','125-07-4511'),
 ('144','John','Payne','jpayne3z@netscape.com','33-(325)386-3668','3540907478225284','415-55-9223'),
 ('145','Nicholas','Peterson','npeterson40@spotify.com','420-(888)340-7058','5100142234850129','371-89-4977'),
 ('146','Carl','Warren','cwarren41@nydailynews.com','1-(502)585-5496','3589645619241784','989-12-7119'),
 ('147','Betty','Griffin','bgriffin42@lycos.com','420-(253)852-3374','50205731235863840','582-19-1748'),
 ('148','Cynthia','Hunter','chunter43@csmonitor.com','420-(877)232-4528','3565339042587751','343-58-4536'),
 ('149','Gregory','Fuller','gfuller44@ft.com','54-(207)170-4161','5610497831139927','514-77-0607'),
 ('150','Patrick','Garza','pgarza45@addtoany.com','358-(863)168-6555','6762088023516175011','105-46-9480'),
 ('151','Amy','Harris','aharris46@miitbeian.gov.cn','380-(354)227-8501','3540411429963911','249-49-8127'),
 ('152','Joseph','Rice','jrice47@addthis.com','63-(746)701-6927','3530426465791705','701-03-5316'),
 ('153','Wayne','James','wjames48@weather.com','63-(754)865-3122','4917656223952402','819-59-1737'),
 ('154','Alan','Andrews','aandrews49@columbia.edu','86-(135)633-1860','5610290657673487','421-24-5120'),
 ('155','Angela','Mcdonald','amcdonald4a@digg.com','62-(228)414-4206','6331103002554342','893-05-8582'),
 ('156','Ernest','Jacobs','ejacobs4b@bbc.co.uk','27-(710)603-9675','3556959930532105','449-56-0584'),
 ('157','Cheryl','Chavez','cchavez4c@live.com','86-(623)648-0391','3584399465307217','154-61-5378'),
 ('158','Michelle','Weaver','mweaver4d@intel.com','7-(937)581-1532','3586591697892051','726-62-3495'),
 ('159','Margaret','Nguyen','mnguyen4e@noaa.gov','62-(312)516-7245','3574788226086171','829-32-2494'),
 ('160','Mark','Watson','mwatson4f@indiatimes.com','62-(421)697-9924','3538760229477058','340-62-9975'),
 ('161','Joyce','Sullivan','jsullivan4g@huffingtonpost.com','218-(393)630-1138','3562295092965292','272-54-8840'),
 ('162','Maria','Willis','mwillis4h@techcrunch.com','33-(756)776-9783','3572170493166832','260-20-6678'),
 ('163','Debra','Foster','dfoster4i@alibaba.com','39-(106)751-9971','4903310320070328966','772-86-6917'),
 ('164','Steve','Simpson','ssimpson4j@acquirethisname.com','51-(174)223-9488','4905018063150841','514-51-7218'),
 ('165','Helen','Burke','hburke4k@gravatar.com','62-(540)625-5891','3565119723822762','571-50-7179'),
 ('166','Anthony','Marshall','amarshall4l@wufoo.com','86-(635)693-9932','337941047267397','362-85-0635'),
 ('167','Jonathan','Perkins','jperkins4m@phoca.cz','420-(922)800-2083','3563946977130852','350-79-1545'),
 ('168','William','Collins','wcollins4n@acquirethisname.com','86-(841)176-2555','3545720762137197','163-07-4202'),
 ('169','Walter','Cole','wcole4o@sitemeter.com','48-(262)596-5604','3546551027768909','815-70-7172'),
 ('170','Lisa','Daniels','ldaniels4p@google.fr','359-(570)380-2437','4041376654745','369-26-5184'),
 ('171','Ernest','Baker','ebaker4q@umich.edu','86-(368)420-9903','6706726707342687307','548-27-1807'),
 ('172','Marie','Collins','mcollins4r@pagesperso-orange.fr','86-(505)849-4103','3557798373001452','569-82-6872'),
 ('173','Craig','Kennedy','ckennedy4s@studiopress.com','86-(217)597-1006','3560377284893110','833-36-4659'),
 ('174','Denise','Cox','dcox4t@google.it','20-(955)269-1628','201742723933515','317-73-1586'),
 ('175','Joseph','Ramirez','jramirez4u@edublogs.org','57-(434)416-0627','3551300224516899','722-04-4243'),
 ('176','Katherine','Dunn','kdunn4v@squidoo.com','352-(861)492-0844','3540792915913266','467-84-5485'),
 ('177','Melissa','Armstrong','marmstrong4w@livejournal.com','7-(569)706-6318','5195642479197595','813-24-7729'),
 ('178','Keith','White','kwhite4x@indiatimes.com','7-(874)808-1467','5598716784651794','583-36-3176'),
 ('179','Robert','Lane','rlane4y@xrea.com','86-(335)898-4353','4911417781805672','975-27-0293'),
 ('180','Thomas','Robertson','trobertson4z@dion.ne.jp','63-(905)831-0660','6395094824502135','496-69-1095'),
 ('181','Ronald','Lee','rlee50@tmall.com','20-(102)683-0544','5007664117032859','983-47-3810'),
 ('182','Louise','Collins','lcollins51@purevolume.com','351-(409)901-6845','3567733462780151','341-52-5899'),
 ('183','Joan','Wagner','jwagner52@squarespace.com','420-(966)464-2239','374283967434945','968-07-8325'),
 ('184','Norma','Cooper','ncooper53@digg.com','62-(754)590-7159','372301751794738','406-43-0297'),
 ('185','Joseph','Cooper','jcooper54@umich.edu','62-(385)533-5321','5602231143733089','337-75-3454'),
 ('186','Jeffrey','Arnold','jarnold55@illinois.edu','963-(162)156-1772','3561197775528028','992-11-7646'),
 ('187','Stephanie','Ray','sray56@biblegateway.com','86-(422)723-1809','3559817807438219','506-88-8839'),
 ('188','Henry','Hamilton','hhamilton57@unblog.fr','86-(745)760-8909','3589979326726286','644-67-4700'),
 ('189','Jane','Rice','jrice58@rediff.com','351-(413)311-6154','5020696685639238849','574-46-6960'),
 ('190','Henry','Sanders','hsanders59@reuters.com','86-(636)839-3061','30284964215614','309-99-7397'),
 ('191','Aaron','Tucker','atucker5a@army.mil','84-(846)562-7108','67622961362035198','667-58-7431'),
 ('192','Catherine','Edwards','cedwards5b@skype.com','93-(990)680-3126','3579364929156284','723-34-8906'),
 ('193','Elizabeth','Graham','egraham5c@barnesandnoble.com','86-(948)223-2296','377468173264387','800-02-3761'),
 ('194','Kimberly','Day','kday5d@wsj.com','7-(705)516-4443','6767449307096289232','699-18-8919'),
 ('195','Ruby','Simpson','rsimpson5e@examiner.com','63-(150)727-8121','3551973134439822','734-72-5385'),
 ('196','Christina','Willis','cwillis5f@usatoday.com','55-(544)493-0366','4917432039645204','413-23-3845'),
 ('197','Ernest','Harper','eharper5g@goo.ne.jp','31-(372)802-9390','6386814093688039','180-80-9839'),
 ('198','Frank','Bradley','fbradley5h@google.de','242-(827)140-4612','30475940831686','389-16-7862'),
 ('199','Christopher','Porter','cporter5i@gizmodo.com','66-(874)384-9741','6763796907407156','887-03-7959'),
 ('200','Susan','Porter','sporter5j@google.it','86-(279)143-4090','3564768498052376','987-27-1665');
CREATE TABLE "customer" (
	`idCustomer`	INTEGER NOT NULL PRIMARY KEY AUTOINCREMENT,
	`name`	TEXT,
	`surname`	TEXT,
	`mailAddress`	TEXT,
	`cellPhoneNumber`	TEXT,
	`cardNumber`	TEXT,
	`taxCode`	TEXT
);
INSERT INTO `customer` (idCustomer,name,surname,mailAddress,cellPhoneNumber,cardNumber,taxCode) VALUES (1,'Marlne','Hunt','hhunt0@sfgate.com','63-(812)725-7440','9480311676065713','1'),
 (2,'Maly','Ramirez','wramirez1@usgs.gov','95-(572)871-5000','6255882065101260','2'),
 (3,'T','Frazier','afrazier2@indiatimes.com','86-(532)569-8460','4361279978606438','3'),
 (4,'Ro','Sullivan','jsullivan3@sciencedirect.com','596-(682)348-8286','9390985437872553','4'),
 (5,'P','Green','cgreen4@howstuffworks.com','86-(358)507-7707','1449554945110655','5'),
 (6,'Elose','Parker','cparker5@issuu.com','48-(481)785-3844','6736480846735418','6'),
 (7,'Ln','Rice','rrice6@webnode.com','46-(357)635-5099','4882550648249484','7'),
 (8,'Mlia','Moore','smoore7@blog.com','54-(221)413-7982','7289385122187223','8'),
 (9,'Grald','Hawkins','shawkins8@over-blog.com','46-(634)231-1556','5622387920728633','9'),
 (10,'Marie-ve','Perez','bperez9@senate.gov','94-(406)201-2378','5298567552532210','10'),
 (11,'Lonie','Carr','vcarra@about.me','48-(179)609-5114','2503608324326984','11'),
 (12,'Este','Harvey','sharveyb@comsenz.com','212-(893)832-4402','1251353903195020','12'),
 (13,'Clestine','Rogers','crogersc@tuttocitta.it','7-(834)349-2461','1839459365383427','13'),
 (14,'Stvina','Foster','afosterd@wunderground.com','1-(460)110-7297','9405774897611945','14'),
 (15,'M','Greene','tgreenee@wiley.com','86-(885)585-0944','3565469166720434','15'),
 (16,'Grald','Welch','rwelchf@1688.com','55-(145)305-6087','3130364770270396','16'),
 (17,'T','James','gjamesg@instagram.com','55-(242)502-7329','4957672371072885','17'),
 (18,'Annote','Russell','wrussellh@dion.ne.jp','54-(873)268-4939','2366789226369501','18'),
 (19,'Ana','Ortiz','lortizi@is.gd','33-(783)685-1202','5215264017967720','19'),
 (20,'Clopatre','Knight','kknightj@facebook.com','972-(773)376-3872','3512104258557096','20'),
 (21,'Nu','Richards','drichardsk@answers.com','967-(513)619-4539','4853873849931651','21'),
 (22,'Loc','Simpson','jsimpsonl@jimdo.com','33-(135)858-6458','7848697394398236','22'),
 (23,'Josphine','White','awhitem@cbc.ca','86-(218)680-5307','8292969644259930','23'),
 (24,'A','Baker','mbakern@goodreads.com','353-(625)560-3067','9897801510481776','24'),
 (25,'Malyss','Carr','gcarro@foxnews.com','995-(549)573-0730','8708154650293332','25'),
 (26,'Landre','Lee','hleep@skyrock.com','86-(678)831-0347','5952161494985320','26'),
 (27,'Almrinda','Rose','croseq@cpanel.net','62-(290)887-3330','5162550957151548','27'),
 (28,'Franoise','Hernandez','jhernandezr@multiply.com','7-(508)848-9870','7272884274592189','28'),
 (29,'Hlna','Reynolds','dreynoldss@ask.com','62-(332)892-7658','2918440872012584','29'),
 (30,'Yu','Johnson','jjohnsont@nps.gov','81-(799)460-5552','9689738121686307','30'),
 (31,'Loca','Morrison','pmorrisonu@i2i.jp','86-(638)289-5473','5634038759209881','31'),
 (32,'rjan','Gordon','igordonv@miitbeian.gov.cn','34-(982)422-3324','1650099639501998','32'),
 (33,'Hlna','Chapman','kchapmanw@ameblo.jp','255-(957)576-6778','4311193500918864','33'),
 (34,'Ocanne','Cox','bcoxx@pagesperso-orange.fr','420-(115)904-6548','7588882779571528','34'),
 (35,'M','Owens','iowensy@pcworld.com','351-(415)595-1881','1624724122632499','35'),
 (36,'Fates','Williamson','swilliamsonz@google.it','963-(139)210-7064','9357814935620687','36'),
 (37,'Mrten','Ferguson','cferguson10@icio.us','55-(984)796-1368','7381154430832316','37'),
 (38,'Bjrn','Hicks','thicks11@answers.com','62-(970)651-4841','5831013567463068','38'),
 (39,'Agns','Wallace','swallace12@bravesites.com','385-(371)126-8968','6497300557480812','39'),
 (40,'Mawenn','Medina','gmedina13@sphinn.com','1-(412)298-2167','3155050193090428','40'),
 (41,'Kvina','Jacobs','jjacobs14@un.org','86-(154)722-2628','5046626794895366','41'),
 (42,'Nalle','Vasquez','mvasquez15@utexas.edu','46-(444)380-5639','3445177261361745','42'),
 (43,'Elose','Reyes','treyes16@amazonaws.com','27-(283)605-9784','2219723848426056','43'),
 (44,'Laurna','Cunningham','acunningham17@g.co','1-(202)441-3340','7988551592358504','44'),
 (45,'Eugnie','Black','eblack18@google.nl','63-(279)652-5496','2992961700661474','45'),
 (46,'Mghane','Jenkins','jjenkins19@google.ca','1-(879)658-6341','8081836276800724','46'),
 (47,'sa','Bell','jbell1a@apple.com','62-(240)512-2109','8976253070635625','47'),
 (48,'Gsta','Allen','gallen1b@fc2.com','994-(228)105-7906','8852950006336102','48'),
 (49,'Dorothe','Lopez','jlopez1c@amazonaws.com','86-(669)194-8171','6041249764228013','49'),
 (50,'Rbecca','Stephens','estephens1d@microsoft.com','63-(121)721-0328','4980652924840896','50'),
 (51,'Lone','Barnes','jbarnes1e@com.com','1-(718)317-0965','4148788942441856','51'),
 (52,'Vrane','Rivera','erivera1f@nasa.gov','353-(256)761-0643','7459892532144874','52'),
 (53,'slg','Barnes','ebarnes1g@surveymonkey.com','86-(358)124-9506','9889312358777941','53'),
 (54,'Marie-hlne','Burke','jburke1h@epa.gov','62-(619)651-0907','1708472544441614','54'),
 (55,'Bcassine','Moore','cmoore1i@livejournal.com','86-(777)651-9780','9542636430070111','55'),
 (56,'Michle','Walker','awalker1j@photobucket.com','62-(307)256-9498','5027535981589043','56'),
 (57,'Chlo','Oliver','koliver1k@nationalgeographic.com','62-(238)256-5745','4172114580582065','57'),
 (58,'Nolla','Garza','jgarza1l@nasa.gov','51-(939)511-5432','8234238999723396','58'),
 (59,'Marie-hlne','Morrison','cmorrison1m@newyorker.com','86-(120)395-3744','3589269393272869','59'),
 (60,'D','Owens','jowens1n@google.com.au','374-(468)820-5290','3577015801619002','60'),
 (61,'W','Marshall','bmarshall1o@linkedin.com','86-(435)839-7272','9514286126222871','61'),
 (62,'Ccilia','Franklin','jfranklin1p@imageshack.us','224-(920)568-0238','1158856752635823','62'),
 (63,'Stvina','Ruiz','jruiz1q@microsoft.com','358-(669)357-7591','6515915757379043','63'),
 (64,'Lng','Diaz','gdiaz1r@ibm.com','372-(469)756-4473','6703748370189578','64'),
 (65,'Rgine','Romero','promero1s@ebay.com','62-(292)280-9732','8760760151715055','65'),
 (66,'Brje','Green','jgreen1t@360.cn','86-(817)510-0009','7661953527642614','66'),
 (67,'Annots','Wilson','mwilson1u@smh.com.au','48-(100)550-2203','2485052507494418','67'),
 (68,'Vronique','Day','rday1v@homestead.com','970-(525)212-6203','7155644263124166','68'),
 (69,'Annots','Collins','jcollins1w@tuttocitta.it','62-(478)188-5779','5301930679526325','69'),
 (70,'P','Cunningham','rcunningham1x@diigo.com','7-(616)644-1099','7235517363100357','70'),
 (71,'Daphne','Weaver','cweaver1y@webeden.co.uk','880-(953)710-4597','1346714882640686','71'),
 (72,'Alos','Bailey','bbailey1z@guardian.co.uk','226-(615)291-8878','9447183153504543','72'),
 (73,'Lng','Oliver','joliver20@techcrunch.com','62-(707)662-6845','6702940791015063','73'),
 (74,'Adlade','Medina','smedina21@privacy.gov.au','1-(203)347-0267','5138965246608099','74'),
 (75,'Milna','Alvarez','jalvarez22@geocities.jp','52-(622)459-4026','9135677120204033','75'),
 (76,'Y','Andrews','pandrews23@chronoengine.com','63-(200)746-2252','8150831265870428','76'),
 (77,'Personnalise','Gutierrez','jgutierrez24@xinhuanet.com','86-(833)242-4433','7019267025896197','77'),
 (78,'Clestine','Garrett','sgarrett25@yellowbook.com','86-(282)656-9717','6615533535957357','78'),
 (79,'Michle','Wilson','mwilson26@prlog.org','33-(911)440-2940','4208819548534658','79'),
 (80,'Marie-jose','Lane','rlane27@mail.ru','58-(658)775-0791','4944199508961146','80'),
 (81,'Anas','Morgan','dmorgan28@g.co','62-(462)682-0029','3121129743643107','81'),
 (82,'ke','Murphy','nmurphy29@pagesperso-orange.fr','86-(268)213-0150','1117514655085539','82'),
 (83,'Elose','Hayes','phayes2a@webnode.com','381-(177)256-4595','8417959118402767','83'),
 (84,'Marie-jose','Murray','cmurray2b@1und1.de','33-(172)290-0202','3002964802096190','84'),
 (85,'Clo','Garza','rgarza2c@state.tx.us','54-(825)885-0252','8079335535370757','85'),
 (86,'Aime','Dean','pdean2d@istockphoto.com','86-(653)686-4313','7610017898857141','86'),
 (87,'Mghane','Arnold','rarnold2e@cdc.gov','86-(430)858-6502','7908855970325133','87'),
 (88,'Publicit','Rivera','srivera2f@freewebs.com','1-(305)306-3518','6564288509675893','88'),
 (89,'Lysa','Green','pgreen2g@elpais.com','227-(232)567-1972','5712469985025425','89'),
 (90,'Rservs','Riley','wriley2h@tiny.cc','1-(803)388-1628','2637258039077948','90'),
 (91,'Lonore','Stewart','cstewart2i@zimbio.com','33-(779)372-8567','8718173828026504','91'),
 (92,'Edme','Washington','rwashington2j@omniture.com','595-(719)236-8469','2811200371777690','92'),
 (93,'Ro','Hanson','jhanson2k@xinhuanet.com','62-(179)949-5251','3853910922835420','93'),
 (94,'Frdrique','Carter','rcarter2l@senate.gov','55-(913)179-9049','1522250420681643','94'),
 (95,'Brnice','George','mgeorge2m@newyorker.com','49-(204)561-9717','7055068549362656','95'),
 (96,'Publicit','Fields','jfields2n@vinaora.com','351-(852)154-0547','1110291749194970','96'),
 (97,'Mlinda','Martin','lmartin2o@toplist.cz','385-(890)908-9092','3518228376238191','97'),
 (98,'Hkan','Payne','apayne2p@technorati.com','995-(224)124-7675','8159176200728705','98'),
 (99,'Publicit','Sims','msims2q@slashdot.org','63-(384)380-7055','9189237579959954','99'),
 (100,'Esbjrn','Boyd','cboyd2r@howstuffworks.com','86-(654)138-6266','1733370843091504','100'),
 (101,'Nlie','Reed','greed2s@friendfeed.com','63-(454)390-5595','5312935423135481','101'),
 (102,'Elose','Scott','sscott2t@statcounter.com','45-(700)513-0876','7387312813441223','102'),
 (103,'Pl','Wilson','wwilson2u@dropbox.com','380-(688)988-9285','3562954929485025','103'),
 (104,'Laurlie','Day','dday2v@eventbrite.com','55-(761)979-4366','5242474006379912','104'),
 (105,'Rservs','Reed','ereed2w@sogou.com','66-(980)780-9598','1845295905488667','105'),
 (106,'Rjane','Davis','mdavis2x@purevolume.com','54-(497)119-4246','8999190746937436','106'),
 (107,'Y','Kelley','ckelley2y@businessweek.com','48-(823)512-6814','3635167385211473','107'),
 (108,'Nalle','Rice','crice2z@mit.edu','63-(246)896-4388','2000033570733060','108'),
 (109,'A','Ray','bray30@gnu.org','62-(792)206-2776','4950238144776570','109'),
 (110,'Mrten','Medina','jmedina31@cmu.edu','62-(439)276-0645','6485920672898776','110'),
 (111,'Mlissandre','Burke','cburke32@bloglovin.com','7-(372)638-0693','5667100102646560','111'),
 (112,'Andre','Allen','callen33@msn.com','212-(261)466-9994','4970853126011424','112'),
 (113,'Landre','Richardson','krichardson34@shutterfly.com','33-(955)682-4856','3690027907756345','113'),
 (114,'Lysa','Nelson','fnelson35@engadget.com','33-(633)110-7397','3544310427235078','114'),
 (115,'Lane','Moreno','jmoreno36@amazon.de','86-(306)443-4003','3579477106072583','115'),
 (116,'D','Murray','gmurray37@princeton.edu','1-(202)788-4259','8964346063874275','116'),
 (117,'Anglique','Greene','mgreene38@merriam-webster.com','63-(154)538-3088','4542040548435754','117'),
 (118,'D','Taylor','mtaylor39@marketwatch.com','62-(787)329-7297','1084236239141349','118'),
 (119,'Ynora','Vasquez','lvasquez3a@amazon.com','261-(901)411-8091','2165771845941017','119'),
 (120,'Jose','Daniels','sdaniels3b@ihg.com','86-(619)807-4344','8395988181380608','120'),
 (121,'Dorothe','Woods','fwoods3c@newyorker.com','86-(728)853-3560','2326001100813566','121'),
 (122,'Marie-thrse','Wells','wwells3d@indiatimes.com','33-(525)671-7992','7424205037229108','122'),
 (123,'Ln','Woods','bwoods3e@webs.com','7-(366)375-4710','9305594368407992','123'),
 (124,'Malis','White','wwhite3f@dropbox.com','86-(585)218-8238','4687357102144102','124'),
 (125,'Bjrn','George','jgeorge3g@apache.org','62-(762)250-3213','8896018157598013','125'),
 (126,'Malys','Olson','kolson3h@europa.eu','53-(737)735-3698','6928730869342592','126'),
 (127,'Vrane','Ramos','jramos3i@twitter.com','234-(906)585-4278','1024986406764691','127'),
 (128,'Maly','Fuller','tfuller3j@over-blog.com','54-(332)400-3900','6395634748256249','128'),
 (129,'Ins','Williamson','jwilliamson3k@hibu.com','66-(247)317-0892','8076066823952466','129'),
 (130,'Mdiamass','Anderson','panderson3l@telegraph.co.uk','63-(779)811-2649','3100724722003524','130'),
 (131,'Andre','Jenkins','kjenkins3m@chicagotribune.com','60-(915)642-4258','3523012656800467','131'),
 (132,'Aime','Arnold','garnold3n@blogger.com','62-(239)309-3947','1872183918490799','132'),
 (133,'Lonore','Johnston','tjohnston3o@artisteer.com','7-(804)277-8585','6896615517683441','133'),
 (134,'Ccilia','Day','dday3p@xrea.com','57-(520)389-2706','4812623322745991','134'),
 (135,'Rbecca','Gray','mgray3q@wisc.edu','352-(489)880-3931','1725954260059898','135'),
 (136,'Maly','Lawrence','llawrence3r@youtube.com','62-(744)120-3245','3136374122626325','136'),
 (137,'Gisle','Henry','jhenry3s@sciencedirect.com','86-(786)828-7021','9371709267332094','137'),
 (138,'Ro','Moore','amoore3t@bing.com','86-(114)111-1108','8429402014089442','138'),
 (139,'Illustre','Burke','kburke3u@businessinsider.com','66-(787)922-5895','4146459537570182','139'),
 (140,'Judical','Mendoza','tmendoza3v@ning.com','62-(390)609-1497','2647894311120215','140'),
 (141,'Andranne','Knight','kknight3w@youtube.com','351-(294)445-0492','5536217204172730','141'),
 (142,'Marie-franoise','Carpenter','bcarpenter3x@walmart.com','62-(626)224-4844','5488090913568798','142'),
 (143,'Alos','Powell','apowell3y@g.co','1-(859)692-0115','8228931934781618','143'),
 (144,'Lorne','Grant','igrant3z@buzzfeed.com','267-(725)302-2361','4040102128035267','144'),
 (145,'Annots','Peters','epeters40@alexa.com','354-(668)639-9700','9866041841523050','145'),
 (146,'T','Jordan','rjordan41@cornell.edu','86-(574)728-8167','8100899505129124','146'),
 (147,'Mlys','Freeman','afreeman42@gov.uk','48-(755)252-2434','2540113247917820','147'),
 (148,'Grald','Harrison','jharrison43@scientificamerican.com','81-(381)247-4647','2564590123709211','148'),
 (149,'Yu','Stone','vstone44@gnu.org','63-(824)174-1021','4678497171174235','149'),
 (150,'Elose','Little','jlittle45@163.com','86-(389)813-5169','1578843151891511','150'),
 (151,'Marie-jose','Carr','jcarr46@dagondesign.com','7-(223)974-8692','7161568454949674','151'),
 (152,'Mline','Shaw','lshaw47@reference.com','420-(439)392-0169','9613835243386379','152'),
 (153,'Rjane','Watkins','jwatkins48@jalbum.net','46-(115)821-6572','8493854581020398','153'),
 (154,'Bndicte','Perkins','cperkins49@aol.com','62-(479)238-0955','8127296290274253','154'),
 (155,'Stvina','West','jwest4a@chronoengine.com','86-(664)220-8149','5468307740341949','155'),
 (156,'Frdrique','Chapman','achapman4b@examiner.com','507-(740)707-8129','3913607150432036','156'),
 (157,'Ku','Kelly','mkelly4c@foxnews.com','351-(624)725-4048','5217084526743215','157'),
 (158,'Annots','Roberts','nroberts4d@skype.com','1-(828)903-9903','8090494089909010','158'),
 (159,'Malys','Hughes','ahughes4e@t.co','7-(278)108-8526','9340535971517888','159'),
 (160,'Ins','Green','lgreen4f@eepurl.com','48-(331)154-3212','8059648524551803','160'),
 (161,'Mns','Willis','pwillis4g@google.co.uk','84-(995)389-8175','1180528296278272','161'),
 (162,'Slne','Cole','ncole4h@free.fr','1-(771)391-7978','7615917735239646','162'),
 (163,'slg','Carpenter','wcarpenter4i@statcounter.com','255-(124)464-3715','6178631239164654','163'),
 (164,'Y','Vasquez','svasquez4j@usatoday.com','81-(243)284-9102','5484849125509753','164'),
 (165,'Mlys','Stone','fstone4k@vinaora.com','86-(293)490-9107','3557195632661659','165'),
 (166,'Marlne','Berry','cberry4l@altervista.org','53-(429)442-1390','5645491871856327','166'),
 (167,'Ocane','Dixon','adixon4m@springer.com','86-(935)697-6499','4992750781788167','167'),
 (168,'Personnalise','Sullivan','rsullivan4n@xinhuanet.com','62-(601)639-9795','4925421348106162','168'),
 (169,'Irne','Lawrence','blawrence4o@wufoo.com','48-(843)562-0089','9038229418099093','169'),
 (170,'Malla','Howard','rhoward4p@cargocollective.com','233-(598)958-7780','5884811419226211','170'),
 (171,'Yo','Kim','ckim4q@rambler.ru','57-(253)380-6123','8928926875969992','171'),
 (172,'Marie-ve','Nichols','cnichols4r@imgur.com','46-(703)271-3962','2561875262121141','172'),
 (173,'Adlie','Schmidt','jschmidt4s@ibm.com','7-(277)422-0963','3481353497140423','173'),
 (174,'Elose','Jordan','kjordan4t@npr.org','86-(463)864-2286','9372710575996485','174'),
 (175,'Danile','Diaz','pdiaz4u@bloglovin.com','55-(787)704-9080','1661010206285413','175'),
 (176,'Nhmie','Ruiz','druiz4v@blog.com','7-(181)965-9918','7910683781868559','176'),
 (177,'Anglique','Morales','emorales4w@wikispaces.com','86-(488)856-9485','6556379425858958','177'),
 (178,'Milna','Burke','fburke4x@yale.edu','382-(354)342-4236','6004020796911459','178'),
 (179,'Lysa','Lawrence','llawrence4y@rediff.com','86-(675)482-1871','3286960141473319','179'),
 (180,'Flicie','Peterson','rpeterson4z@scientificamerican.com','358-(648)707-2702','3171226884597597','180'),
 (181,'Marie-thrse','Morales','tmorales50@qq.com','52-(661)107-9944','3527590154292928','181'),
 (182,'Adle','Ramos','jramos51@gizmodo.com','86-(539)551-5244','4302684821527251','182'),
 (183,'Rbecca','Hansen','ahansen52@delicious.com','7-(811)348-0891','8266987180713851','183'),
 (184,'Marie-jose','Riley','hriley53@google.co.uk','351-(128)172-0876','9855802367363794','184'),
 (185,'Bndicte','Simmons','msimmons54@tinyurl.com','48-(639)500-9783','1279933271417592','185'),
 (186,'Esbjrn','Bradley','tbradley55@google.de','62-(386)725-4507','4583253545414435','186'),
 (187,'Vnus','Burns','aburns56@cam.ac.uk','7-(975)602-8584','8048242238046297','187'),
 (188,'Salom','Gonzalez','sgonzalez57@is.gd','967-(514)308-1460','2719211894454657','188'),
 (189,'Mthode','Stone','cstone58@hatena.ne.jp','7-(360)477-3896','5365146550926963','189'),
 (190,'Lone','Reynolds','sreynolds59@eepurl.com','595-(198)424-3535','7480912739224988','190'),
 (191,'Plagie','Evans','tevans5a@cbsnews.com','7-(461)812-9117','9754806984546526','191'),
 (192,'Marie-jose','Mccoy','jmccoy5b@msn.com','86-(393)964-8697','7430637922186898','192'),
 (193,'Brje','Morales','tmorales5c@pcworld.com','86-(428)751-1632','4272459992162338','193'),
 (194,'Clestine','Ward','kward5d@home.pl','359-(275)319-4525','3332381425598492','194'),
 (195,'J','Elliott','relliott5e@behance.net','86-(452)302-3897','2723920136136595','195'),
 (196,'Cungonde','Johnston','jjohnston5f@cisco.com','48-(350)767-5281','5476009657065865','196'),
 (197,'Nava','Powell','rpowell5g@businessweek.com','86-(768)111-3934','5859078540624148','197'),
 (198,'Mng','Cunningham','acunningham5h@ovh.net','55-(323)252-4294','8603770481309349','198'),
 (199,'Loca','Evans','aevans5i@chicagotribune.com','54-(395)966-0479','1889067624512229','199'),
 (200,'Clopatre','Ramirez','kramirez5j@cnet.com','63-(745)738-0148','2676498112304423','200'),
 (201,'Mline','Stephens','kstephens5k@cdc.gov','86-(885)507-0413','9864022251370202','201'),
 (202,'Laurlie','Richardson','erichardson5l@bluehost.com','62-(727)396-1110','6812730516750181','202'),
 (203,'Desire','Scott','cscott5m@umich.edu','33-(209)326-9576','7234515280855259','203'),
 (204,'U','Jenkins','ajenkins5n@digg.com','380-(336)770-1111','2820308820305551','204'),
 (205,'Annote','Morris','jmorris5o@samsung.com','55-(706)966-2193','8483836957084111','205'),
 (206,'Simplifis','Foster','afoster5p@spotify.com','504-(756)116-5072','6699785752583066','206'),
 (207,'Ophlie','Castillo','scastillo5q@google.es','86-(439)381-3546','9924478862244840','207'),
 (208,'Mlia','Baker','mbaker5r@virginia.edu','351-(787)334-5210','7043123125905161','208'),
 (209,'Publicit','Andrews','jandrews5s@prnewswire.com','1-(312)465-9481','9767916460353248','209'),
 (210,'Gwenalle','Ramirez','lramirez5t@salon.com','218-(638)152-5164','2200812974869665','210'),
 (211,'Angle','Myers','kmyers5u@mashable.com','372-(730)428-5714','6174292469260597','211'),
 (212,'Lng','Meyer','hmeyer5v@myspace.com','975-(830)992-9259','4858961383190010','212'),
 (213,'Camlia','Kelly','jkelly5w@dagondesign.com','7-(839)105-1077','7335392675205000','213'),
 (214,'Bjrn','Long','vlong5x@umn.edu','358-(124)466-7804','1050182186395093','214'),
 (215,'Simplifis','Alvarez','calvarez5y@upenn.edu','66-(651)806-2032','2123205960766285','215'),
 (216,'Ins','Larson','llarson5z@lycos.com','976-(702)500-3261','7454769356694215','216'),
 (217,'Cllia','Phillips','pphillips60@diigo.com','86-(776)877-4758','2849956735525331','217'),
 (218,'Mdiamass','Hart','shart61@dion.ne.jp','86-(988)421-7482','8597833983264585','218'),
 (219,'Jose','Hall','rhall62@slate.com','244-(507)158-6499','1008785802138286','219'),
 (220,'Hlne','Perez','hperez63@1und1.de','54-(690)657-4529','4136498275095558','220'),
 (221,'Danile','Perry','rperry64@wix.com','57-(254)171-4414','4526155926918979','221'),
 (222,'Daphne','Palmer','bpalmer65@berkeley.edu','62-(131)146-3077','1979091531607620','222'),
 (223,'Zh','Welch','swelch66@cam.ac.uk','62-(530)719-0062','5055509542110095','223'),
 (224,'sa','Bowman','jbowman67@nps.gov','31-(213)306-2288','5368336899047526','224'),
 (225,'Gisle','Fisher','sfisher68@google.com.br','63-(499)933-9428','9474795752613661','225'),
 (226,'Elis','Mcdonald','cmcdonald69@fda.gov','57-(621)612-4854','7740173576905476','226'),
 (227,'Clia','Fernandez','gfernandez6a@nhs.uk','593-(796)881-2758','4349872554678800','227'),
 (228,'Marylne','Chapman','lchapman6b@github.com','82-(491)860-4872','8610586136537771','228'),
 (229,'Garon','Ortiz','aortiz6c@last.fm','1-(626)597-1893','8789794361815166','229'),
 (230,'Nu','Nelson','dnelson6d@bbb.org','1-(404)737-3809','8766007762651277','230'),
 (231,'Lane','Coleman','acoleman6e@tinypic.com','63-(590)548-5244','1496040738812988','231'),
 (232,'Salom','Mills','pmills6f@ucla.edu','81-(686)866-3319','9187323304007390','232'),
 (233,'Danile','Romero','promero6g@reddit.com','20-(723)658-2721','7634587226081596','233'),
 (234,'Clo','Day','sday6h@amazon.com','1-(379)840-9258','7974439705589264','234'),
 (235,'Vnus','Harper','bharper6i@smh.com.au','51-(604)686-5065','5569068112044505','235'),
 (236,'Milna','Moore','nmoore6j@imageshack.us','7-(277)598-2685','4262189905844783','236'),
 (237,'Rjane','Stewart','estewart6k@storify.com','55-(132)720-9052','4637975728164042','237'),
 (238,'Bcassine','Larson','alarson6l@shutterfly.com','86-(581)449-6630','9353008417184680','238'),
 (239,'U','Sims','msims6m@fda.gov','86-(559)287-2689','9741451277954006','239'),
 (240,'Cla','Foster','lfoster6n@bigcartel.com','62-(362)485-0457','1848722208982145','240'),
 (241,'Malys','Black','tblack6o@nbcnews.com','63-(318)465-1760','7128944941366604','241'),
 (242,'Maly','Gray','agray6p@cbc.ca','86-(438)172-0608','2356802685913502','242'),
 (243,'U','Lawrence','mlawrence6q@deviantart.com','1-(962)355-3362','2326104195049430','243'),
 (244,'Bjrn','Patterson','epatterson6r@archive.org','374-(900)614-2935','5317155001291751','244'),
 (245,'Mn','Anderson','handerson6s@123-reg.co.uk','60-(811)460-5606','7792786415539693','245'),
 (246,'Malis','Lawrence','rlawrence6t@mediafire.com','86-(669)561-5083','4766664359968052','246'),
 (247,'ke','Riley','criley6u@apache.org','1-(678)193-4095','4701056869621284','247'),
 (248,'Marie-nol','Elliott','relliott6v@admin.ch','86-(640)775-1786','3224219275292001','248'),
 (249,'Clmentine','Jenkins','tjenkins6w@ftc.gov','63-(887)164-9197','8894901084862393','249'),
 (250,'Ln','Lynch','plynch6x@archive.org','598-(299)776-2947','2033901677759778','250'),
 (251,'Lana','Cooper','acooper6y@printfriendly.com','55-(102)133-3064','1116077581816237','251'),
 (252,'Fi','Mason','emason6z@japanpost.jp','375-(222)948-9688','9517680215490074','252'),
 (253,'Cinma','Stanley','jstanley70@deliciousdays.com','234-(979)531-8336','3314702403369393','253'),
 (254,'Clia','Reynolds','mreynolds71@indiegogo.com','49-(959)990-1886','7350286761115135','254'),
 (255,'Marie-hlne','Walker','hwalker72@bizjournals.com','86-(141)569-9231','6402693730218464','255'),
 (256,'Ccilia','Brown','bbrown73@jimdo.com','7-(762)621-2170','1789702718118372','256'),
 (257,'Torbjrn','Gonzales','agonzales74@zimbio.com','55-(760)169-6510','6414398683389642','257'),
 (258,'Eugnie','Hayes','nhayes75@rambler.ru','86-(380)573-4390','6646960357201733','258'),
 (259,'Elis','Bailey','abailey76@biblegateway.com','86-(866)297-2590','8392447013588887','259'),
 (260,'Bndicte','Smith','jsmith77@a8.net','351-(220)318-6375','6286709501022094','260'),
 (261,'Josphine','Burton','cburton78@zimbio.com','55-(666)284-8922','9032966439708000','261'),
 (262,'Plagie','Willis','gwillis79@mysql.com','86-(779)716-5313','1044493667913876','262'),
 (263,'Danile','Campbell','dcampbell7a@mediafire.com','62-(382)524-5890','7679697703480002','263'),
 (264,'Styrbjrn','Ramos','bramos7b@usgs.gov','63-(725)392-6477','2209258853609842','264'),
 (265,'Este','Gutierrez','dgutierrez7c@creativecommons.org','57-(464)599-9466','5945884642206503','265'),
 (266,'Mana','Parker','dparker7d@ucla.edu','48-(253)539-5042','4275570161317176','266'),
 (267,'Solne','Cook','dcook7e@wiley.com','62-(923)409-6564','8133392885075222','267'),
 (268,'Stvina','Ryan','bryan7f@foxnews.com','86-(411)166-0967','4778363436308534','268'),
 (269,'Landre','Price','jprice7g@canalblog.com','86-(971)684-7089','8514366344122502','269'),
 (270,'Brangre','Sullivan','tsullivan7h@rambler.ru','62-(231)564-1566','1415883584370081','270'),
 (271,'Vnus','Garrett','ggarrett7i@phoca.cz','55-(341)825-2493','5323384207692189','271'),
 (272,'Athna','Harvey','pharvey7j@biglobe.ne.jp','55-(716)159-7780','7117436316095266','272'),
 (273,'Malis','Watkins','pwatkins7k@vistaprint.com','62-(882)440-6523','4649781034465814','273'),
 (274,'T','Frazier','lfrazier7l@sfgate.com','63-(609)322-2553','7752427977809884','274'),
 (275,'Y','Davis','ldavis7m@sourceforge.net','351-(546)988-2112','7368252594742282','275'),
 (276,'Gatane','Brown','jbrown7n@cpanel.net','970-(880)160-8800','1431805298868099','276'),
 (277,'sa','Hicks','lhicks7o@t-online.de','86-(134)960-5031','2751126602961794','277'),
 (278,'Marie-thrse','Dean','adean7p@rediff.com','86-(526)489-1108','7664937694057449','278'),
 (279,'Eugnie','Boyd','mboyd7q@tinyurl.com','63-(989)417-6558','9132363073135606','279'),
 (280,'Ku','Bailey','mbailey7r@gov.uk','33-(782)662-6772','6682903990993949','280'),
 (281,'Malle','Castillo','hcastillo7s@ow.ly','86-(742)391-2960','7319511654207720','281'),
 (282,'Aurlie','Burns','dburns7t@marketwatch.com','57-(605)527-1344','1401130805271800','282'),
 (283,'Garon','Simpson','dsimpson7u@msn.com','62-(326)828-8723','4155060590124809','283'),
 (284,'Rbecca','Ortiz','rortiz7v@princeton.edu','86-(804)245-1127','4475017818134064','284'),
 (285,'Dorothe','Scott','bscott7w@reverbnation.com','63-(676)740-4844','8431079584141465','285'),
 (286,'Mlanie','Hawkins','jhawkins7x@spotify.com','62-(906)483-5378','6680641675540280','286'),
 (287,'Dafne','Jacobs','cjacobs7y@t-online.de','66-(231)257-7913','6982828863997077','287'),
 (288,'Simplifis','Chapman','pchapman7z@mail.ru','351-(670)946-2261','5888956032825911','288'),
 (289,'Mat','Lane','plane80@omniture.com','359-(129)344-8755','9171680987189806','289'),
 (290,'Galle','Price','lprice81@phpbb.com','94-(400)669-1392','8151710186430970','290'),
 (291,'Mns','Webb','jwebb82@163.com','52-(335)486-4204','4317382234991130','291'),
 (292,'Gatane','Murphy','hmurphy83@theguardian.com','352-(205)619-7517','2369029988183137','292'),
 (293,'Laurlie','Palmer','jpalmer84@dagondesign.com','81-(747)176-0716','5789302000694126','293'),
 (294,'Clmence','Burton','jburton85@scientificamerican.com','66-(458)755-5685','1200238010548908','294'),
 (295,'Maly','Henry','ehenry86@google.es','32-(253)146-7798','1528951194567371','295'),
 (296,'Mlina','Murray','tmurray87@craigslist.org','57-(834)927-2721','4699610271980883','296'),
 (297,'Vnus','Harris','aharris88@amazonaws.com','86-(325)696-9880','7656041958506516','297'),
 (298,'Ocane','Campbell','ecampbell89@apache.org','963-(646)651-8559','7796092125544314','298'),
 (299,'Ana','Cook','jcook8a@msu.edu','7-(591)640-2715','1895682312352916','299'),
 (300,'Malyss','Chapman','lchapman8b@google.fr','46-(166)107-1333','5038611490454899','300'),
 (301,'Yo','Robinson','lrobinson8c@nature.com','63-(365)680-4472','3734385138341616','301'),
 (302,'Mng','Marshall','jmarshall8d@arizona.edu','86-(559)124-4529','2159086312206769','302'),
 (303,'Clo','Andrews','bandrews8e@ted.com','86-(106)611-0615','6935604788704188','303'),
 (304,'Eugnie','Johnson','hjohnson8f@angelfire.com','7-(161)220-5361','9521757983244035','304'),
 (305,'Erwi','Moore','lmoore8g@biblegateway.com','7-(482)582-7404','7050999011961072','305'),
 (306,'Este','Bradley','jbradley8h@facebook.com','63-(891)831-7182','3986345576621144','306'),
 (307,'Judical','Freeman','dfreeman8i@sitemeter.com','30-(240)409-7334','6427032856573439','307'),
 (308,'Audranne','Medina','rmedina8j@cam.ac.uk','62-(428)242-1934','3762606781434721','308'),
 (309,'Maly','Carpenter','tcarpenter8k@columbia.edu','7-(867)692-9554','9338374980446053','309'),
 (310,'Marie-thrse','Griffin','jgriffin8l@twitpic.com','86-(417)260-7980','1406484995287140','310'),
 (311,'Crz','Ferguson','nferguson8m@histats.com','27-(302)990-6171','3216744466519655','311'),
 (312,'Crz','Stewart','fstewart8n@slate.com','36-(952)306-9910','6042268192222526','312'),
 (313,'Mns','Perry','iperry8o@ehow.com','62-(696)801-6542','3056093686654812','313'),
 (314,'M','Ortiz','rortiz8p@unblog.fr','351-(531)611-8673','1764383208224263','314'),
 (315,'Ccile','Simpson','psimpson8q@telegraph.co.uk','507-(572)951-6260','8202576701967000','315'),
 (316,'Mns','Little','rlittle8r@imdb.com','967-(693)642-5964','6361341008936898','316'),
 (317,'Ocane','Peterson','apeterson8s@google.de','62-(841)505-5739','5153438789719496','317'),
 (318,'Li','Burton','mburton8t@elpais.com','86-(703)597-8863','4821666417702582','318'),
 (319,'Publicit','Sullivan','jsullivan8u@wunderground.com','7-(865)325-0278','5791540639313948','319'),
 (320,'Brangre','Stevens','bstevens8v@yolasite.com','51-(528)408-1232','4624166005596411','320'),
 (321,'Mlia','Rodriguez','trodriguez8w@t.co','380-(968)477-5587','2651162590791941','321'),
 (322,'Brje','Nguyen','jnguyen8x@csmonitor.com','55-(753)225-0209','8415190968524295','322'),
 (323,'Grald','Baker','nbaker8y@goo.ne.jp','62-(157)726-1762','3453379915500177','323'),
 (324,'Aurlie','Hunt','hhunt8z@infoseek.co.jp','86-(754)681-2199','8824638203727247','324'),
 (325,'Malle','Bell','lbell90@zdnet.com','355-(103)458-7941','9619824102661297','325'),
 (326,'Estve','Mcdonald','hmcdonald91@multiply.com','51-(723)239-3628','2383459845955986','326'),
 (327,'Maly','Adams','sadams92@wordpress.org','86-(308)840-1161','6136400120255017','327'),
 (328,'Grel','Evans','kevans93@addthis.com','31-(842)592-9762','2651465388198724','328'),
 (329,'Torbjrn','Long','along94@goo.ne.jp','48-(371)681-1142','1832010127266764','329'),
 (330,'Angle','Roberts','eroberts95@google.ru','351-(263)746-0968','4509103359230261','330'),
 (331,'rjan','Larson','tlarson96@joomla.org','86-(482)615-7496','3702510249745517','331'),
 (332,'Mryl','Roberts','croberts97@sina.com.cn','63-(915)239-2992','3106355525014932','332'),
 (333,'Ma','Burns','dburns98@twitter.com','961-(321)883-9361','3544204140371766','333'),
 (334,'Ocanne','Graham','sgraham99@stumbleupon.com','86-(307)379-1018','1023784332907279','334'),
 (335,'Ma','Ruiz','aruiz9a@theguardian.com','234-(929)329-1186','2661946327659112','335'),
 (336,'Ela','Fowler','lfowler9b@google.ru','86-(595)772-1716','2514432835509856','336'),
 (337,'Galle','Black','bblack9c@exblog.jp','48-(438)758-0389','3921801442314529','337'),
 (338,'Aime','Day','bday9d@ow.ly','1-(317)213-3963','7215065157690620','338'),
 (339,'Gwenalle','Harris','aharris9e@sogou.com','55-(481)909-3162','8471106483559592','339'),
 (340,'Li','Howell','showell9f@deviantart.com','63-(422)798-4175','4468347139827725','340'),
 (341,'Angle','Morris','mmorris9g@godaddy.com','967-(381)399-9042','8319525957902384','341'),
 (342,'Anal','Cruz','fcruz9h@a8.net','46-(303)357-3015','3990742606098545','342'),
 (343,'Gwenalle','Meyer','lmeyer9i@google.co.jp','62-(924)180-8756','7342571611826671','343'),
 (344,'Styrbjrn','Fisher','kfisher9j@purevolume.com','63-(843)737-0322','7026606976359073','344'),
 (345,'W','Sanders','psanders9k@earthlink.net','7-(238)659-8599','8083478280744338','345'),
 (346,'Pnlope','Hansen','lhansen9l@biblegateway.com','7-(351)155-7837','4383203127583884','346'),
 (347,'Amlie','Sanders','bsanders9m@loc.gov','86-(715)750-7145','9859575058001969','347'),
 (348,'Bjrn','Lawrence','rlawrence9n@smh.com.au','62-(213)807-0724','4416928834221932','348'),
 (349,'Maly','Wagner','dwagner9o@opensource.org','1-(217)366-1531','6041256069768334','349'),
 (350,'Mlia','Hart','bhart9p@moonfruit.com','62-(614)991-8384','8609591312392512','350'),
 (351,'rjan','Riley','hriley9q@gov.uk','267-(625)691-4030','5444129437103319','351'),
 (352,'Stvina','Gomez','kgomez9r@posterous.com','63-(786)332-9385','6165463843895579','352'),
 (353,'T','Ray','jray9s@vimeo.com','7-(921)433-4294','6640417492405599','353'),
 (354,'Annote','Stone','astone9t@ucsd.edu','55-(390)963-0981','5639437123373195','354'),
 (355,'Maline','George','jgeorge9u@oakley.com','994-(191)858-8854','4407228878298357','355'),
 (356,'Brangre','Hart','bhart9v@360.cn','62-(339)620-4659','9659273406137116','356'),
 (357,'Plagie','Gibson','dgibson9w@aol.com','86-(643)767-9294','9251298695482950','357'),
 (358,'Marlne','Jacobs','cjacobs9x@bluehost.com','351-(553)995-5213','1754274480330865','358'),
 (359,'Michle','Montgomery','jmontgomery9y@google.ca','856-(601)516-6364','9412355865877075','359'),
 (360,'Malann','Fisher','cfisher9z@elegantthemes.com','255-(137)406-5985','4009198060287146','360'),
 (361,'Y','Alvarez','malvareza0@networkadvertising.org','33-(737)802-4539','6034018811419964','361'),
 (362,'Rene','Kelly','mkellya1@elpais.com','48-(902)668-7035','9534767902331206','362'),
 (363,'Mlina','Kennedy','pkennedya2@youku.com','351-(271)605-6375','7865268260402929','363'),
 (364,'ke','Morales','bmoralesa3@earthlink.net','86-(962)921-5989','7894045689930732','364'),
 (365,'Mghane','Spencer','aspencera4@reuters.com','63-(869)797-7546','5215856931819322','365'),
 (366,'P','Perez','rpereza5@mashable.com','30-(883)147-9758','7737207112378377','366'),
 (367,'T','Bishop','mbishopa6@gov.uk','355-(711)108-8844','4251215155891041','367'),
 (368,'Alize','Hudson','khudsona7@friendfeed.com','386-(468)577-2816','2202082915267486','368'),
 (369,'Cinma','Welch','pwelcha8@gmpg.org','86-(856)625-0949','9882086267947691','369'),
 (370,'Marie-nol','Chapman','dchapmana9@unicef.org','33-(701)416-9339','8774455545989204','370'),
 (371,'Mrten','Simmons','rsimmonsaa@statcounter.com','86-(403)852-9428','3599880908457792','371'),
 (372,'Maly','Rose','sroseab@bloglovin.com','30-(647)765-0105','4610632883858397','372'),
 (373,'T','Jenkins','ljenkinsac@ebay.com','372-(240)472-0139','3126472230073176','373'),
 (374,'Milna','Nichols','jnicholsad@wunderground.com','66-(487)690-3677','4151915771917027','374'),
 (375,'Milna','Ruiz','jruizae@sina.com.cn','52-(860)440-9817','5851957877048851','375'),
 (376,'Danile','George','ageorgeaf@google.nl','46-(297)188-5813','5080730323413916','376'),
 (377,'Aime','Johnston','ajohnstonag@icio.us','255-(322)470-4728','9684407347590764','377'),
 (378,'Maline','Smith','rsmithah@epa.gov','1-(313)479-9113','3927731200068891','378'),
 (379,'Dorothe','Knight','nknightai@youtube.com','1-(714)253-6229','4777170207942180','379'),
 (380,'Rachle','Carr','ecarraj@examiner.com','86-(342)513-8476','8779784203416981','380'),
 (381,'Graldine','Stevens','cstevensak@usgs.gov','381-(552)754-3806','9218106685927998','381'),
 (382,'Irne','Berry','kberryal@squidoo.com','81-(523)442-3857','3449206549512842','382'),
 (383,'Y','Jenkins','sjenkinsam@lulu.com','351-(104)148-9331','4519601381518258','383'),
 (384,'Mana','Franklin','dfranklinan@noaa.gov','63-(474)163-9321','8449701223046065','384'),
 (385,'Li','Nelson','anelsonao@zimbio.com','63-(741)131-6102','4834538319708694','385'),
 (386,'Clestine','Phillips','cphillipsap@dagondesign.com','86-(839)240-9681','1136025306032500','386'),
 (387,'Crz','Wilson','mwilsonaq@so-net.ne.jp','55-(283)181-5869','5431973243571724','387'),
 (388,'Aime','Schmidt','dschmidtar@google.com.au','98-(513)618-6329','5845685658276812','388'),
 (389,'Lonore','Miller','cmilleras@fda.gov','86-(787)340-6597','2089107372144628','389'),
 (390,'Desire','Reyes','breyesat@redcross.org','62-(208)646-3502','5580560280086564','390'),
 (391,'Athna','Hunt','mhuntau@cbc.ca','32-(261)423-9850','3034936040250607','391'),
 (392,'Fi','Bell','rbellav@fema.gov','55-(423)821-0198','7565356667711769','392'),
 (393,'Dorothe','Gutierrez','sgutierrezaw@yandex.ru','52-(887)219-6088','4404777155836534','393'),
 (394,'Gsta','Franklin','mfranklinax@networkadvertising.org','62-(529)975-0831','5387095866303003','394'),
 (395,'rjan','Myers','rmyersay@springer.com','86-(994)143-7749','1804380144687797','395'),
 (396,'Mng','Meyer','ameyeraz@github.com','48-(607)514-4622','3226499149658861','396'),
 (397,'Marie-jose','Stanley','dstanleyb0@cafepress.com','86-(577)898-4802','6618538910567470','397'),
 (398,'Mlinda','Kelly','jkellyb1@ucoz.ru','1-(952)691-6570','6854817139810175','398'),
 (399,'Alize','Spencer','sspencerb2@sphinn.com','60-(416)858-7558','5418542392034315','399'),
 (400,'Aurlie','Garza','agarzab3@wufoo.com','86-(156)655-9147','3053981078941869','400'),
 (401,'Andranne','Roberts','trobertsb4@newyorker.com','995-(983)518-1953','5353249555195405','401'),
 (402,'Adlade','Alvarez','palvarezb5@biblegateway.com','232-(682)250-2610','3171807173652045','402'),
 (403,'Mahlie','Fernandez','ffernandezb6@booking.com','86-(134)889-0738','1297186883675177','403'),
 (404,'Audranne','Johnson','ajohnsonb7@bigcartel.com','385-(255)605-4272','1490075158432192','404'),
 (405,'Clo','Ward','mwardb8@usgs.gov','234-(956)406-4564','5368323087945436','405'),
 (406,'Y','Black','mblackb9@mysql.com','420-(655)641-4434','2175597681250370','406'),
 (407,'Y','Perkins','jperkinsba@bloglines.com','251-(896)842-5377','6264264888128576','407'),
 (408,'Mlissandre','Wallace','gwallacebb@ning.com','52-(637)195-0005','8537991840091817','408'),
 (409,'ke','Webb','dwebbbc@mit.edu','31-(902)939-3830','3037097900145549','409'),
 (410,'Pl','Carter','acarterbd@cnbc.com','351-(907)405-9217','1553798041009658','410'),
 (411,'Rgine','Kim','jkimbe@wsj.com','86-(586)305-7413','9422517344701667','411'),
 (412,'sa','Rogers','progersbf@miitbeian.gov.cn','54-(847)477-3773','5098997776536638','412'),
 (413,'Eugnie','Hayes','rhayesbg@google.it','351-(837)111-1278','5486882276152204','413'),
 (414,'Zh','Dean','kdeanbh@prnewswire.com','66-(185)220-0306','7901095341113014','414'),
 (415,'Nava','Butler','bbutlerbi@nps.gov','86-(759)800-5138','2303753731502309','415'),
 (416,'Grel','Fernandez','pfernandezbj@bloglines.com','381-(735)529-2404','6738588148110946','416'),
 (417,'Lana','Welch','cwelchbk@youtu.be','86-(980)299-5167','7661267403623887','417'),
 (418,'Nalle','Edwards','pedwardsbl@wisc.edu','7-(336)311-8903','3366231380843781','418'),
 (419,'Laurlie','Davis','adavisbm@yahoo.com','51-(603)311-6817','1928388749852809','419'),
 (420,'Agns','Harvey','dharveybn@google.com','86-(183)689-4458','1767340924687649','420'),
 (421,'Ela','Murray','cmurraybo@pagesperso-orange.fr','54-(853)690-5617','7189999430853670','421'),
 (422,'Nalle','Butler','gbutlerbp@engadget.com','63-(699)279-6098','3921249618297334','422'),
 (423,'Elose','Elliott','nelliottbq@constantcontact.com','63-(301)587-7096','5670848314387646','423'),
 (424,'Cline','Wilson','nwilsonbr@dagondesign.com','53-(884)768-8828','2316869142360861','424'),
 (425,'Marie-nol','Richards','drichardsbs@wix.com','33-(640)164-1644','3764118496583953','425'),
 (426,'Mylne','Perez','hperezbt@youtube.com','86-(775)414-5167','2547084492007199','426'),
 (427,'Grald','Carr','bcarrbu@cnn.com','62-(117)975-3559','1707533013964925','427'),
 (428,'Marie-hlne','Peterson','dpetersonbv@narod.ru','380-(944)927-0691','2684753246625502','428'),
 (429,'Angle','Oliver','roliverbw@arstechnica.com','7-(256)709-6253','2809098003985054','429'),
 (430,'Tn','Alvarez','salvarezbx@exblog.jp','86-(855)358-6481','6067004206217080','430'),
 (431,'Clo','Lawrence','jlawrenceby@twitpic.com','506-(582)709-1407','5057568836596987','431'),
 (432,'Ocanne','Carroll','jcarrollbz@usgs.gov','86-(514)406-9356','7948549224895984','432'),
 (433,'Torbjrn','Cox','ccoxc0@t.co','86-(752)596-1128','3805445455114012','433'),
 (434,'Laurna','Webb','swebbc1@newsvine.com','86-(741)566-5124','7717576526679136','434'),
 (435,'Marie-hlne','Perkins','aperkinsc2@phpbb.com','66-(806)118-2704','9287378435483629','435'),
 (436,'Dorothe','Hunter','jhunterc3@dropbox.com','46-(679)702-2171','1061146303690703','436'),
 (437,'Ins','Williams','jwilliamsc4@apache.org','351-(728)709-0634','5812199502051622','437'),
 (438,'Gaa','Palmer','cpalmerc5@ox.ac.uk','7-(769)997-5748','1866740244646745','438'),
 (439,'Rene','Spencer','lspencerc6@unblog.fr','358-(607)883-7650','1348185226841996','439'),
 (440,'Ru','Reyes','dreyesc7@hao123.com','62-(453)526-0233','4376293483026246','440'),
 (441,'Simplifis','Lawson','jlawsonc8@istockphoto.com','98-(463)394-0238','9519187871951353','441'),
 (442,'Rene','Gibson','wgibsonc9@army.mil','62-(913)774-3505','1363237561195981','442'),
 (443,'Mgane','Foster','ffosterca@salon.com','351-(507)552-5540','3697977160822600','443'),
 (444,'Dorothe','Welch','lwelchcb@epa.gov','58-(861)938-1370','5315540781988150','444'),
 (445,'Thrsa','Ramirez','kramirezcc@mlb.com','81-(737)628-5550','6888493003003072','445'),
 (446,'D','Hicks','ahickscd@wix.com','389-(572)347-6995','8934231744940899','446'),
 (447,'Pl','Torres','ltorresce@fema.gov','86-(178)806-3673','6363710446990157','447'),
 (448,'Lane','Dixon','pdixoncf@admin.ch','54-(366)363-6479','2991069838923218','448'),
 (449,'Mlissandre','Gutierrez','ngutierrezcg@upenn.edu','63-(603)844-6842','9409999997972094','449'),
 (450,'sa','Mason','tmasonch@whitehouse.gov','62-(853)758-9979','8677061995058736','450'),
 (451,'Mahlie','Long','dlongci@newyorker.com','62-(283)776-0188','1690711151072955','451'),
 (452,'Clopatre','Thomas','hthomascj@shop-pro.jp','385-(376)260-9428','8507068830682151','452'),
 (453,'Ln','Barnes','sbarnesck@ihg.com','351-(613)224-6612','3251717143082183','453'),
 (454,'ke','Simmons','lsimmonscl@ihg.com','86-(948)460-3210','1406354437725984','454'),
 (455,'D','Garrett','hgarrettcm@furl.net','98-(654)838-5789','8674374752110217','455'),
 (456,'Nadge','Moore','rmoorecn@alibaba.com','593-(893)523-6783','2395330893731823','456'),
 (457,'Y','Jones','ejonesco@slate.com','46-(222)146-2115','9570032774598657','457'),
 (458,'Milna','Kim','akimcp@yolasite.com','229-(493)533-4908','8687714966848249','458'),
 (459,'Garon','Gutierrez','rgutierrezcq@boston.com','55-(445)206-0401','6848128248779275','459'),
 (460,'Gisle','Nichols','rnicholscr@uiuc.edu','62-(554)482-2770','9862734358708359','460'),
 (461,'Tn','Martin','amartincs@delicious.com','355-(452)583-7660','2963960701898490','461'),
 (462,'Cline','Robertson','mrobertsonct@privacy.gov.au','86-(822)249-5922','1956474237337515','462'),
 (463,'Nolla','Reed','treedcu@reverbnation.com','86-(827)154-0899','9345488534959127','463'),
 (464,'Clia','Ferguson','pfergusoncv@goo.gl','62-(797)705-1162','6057176107440164','464'),
 (465,'Ma','Hicks','ahickscw@cdc.gov','86-(406)146-8457','2846395383047348','465'),
 (466,'Estve','Stephens','lstephenscx@cnet.com','63-(351)283-6492','2727790979998819','466'),
 (467,'Ophlie','Howard','jhowardcy@washingtonpost.com','86-(944)265-2489','3281829094130362','467'),
 (468,'Stphanie','Reid','jreidcz@reverbnation.com','56-(220)564-1817','7385778764639675','468'),
 (469,'Laurna','Patterson','gpattersond0@arstechnica.com','92-(734)722-4908','3897705818523014','469'),
 (470,'Mat','Lynch','blynchd1@hibu.com','506-(602)573-8435','3153561623454390','470'),
 (471,'Ccile','Watson','dwatsond2@blog.com','62-(137)636-3819','1460851746629284','471'),
 (472,'Grald','Rose','jrosed3@hc360.com','62-(810)174-4803','7471658768299368','472'),
 (473,'Ela','Ramos','wramosd4@geocities.com','880-(614)185-0500','4372013427885582','473'),
 (474,'Li','Bryant','jbryantd5@loc.gov','86-(197)476-2884','6674338437057029','474'),
 (475,'Audranne','Richardson','jrichardsond6@tinyurl.com','48-(640)696-4243','3388182072796099','475'),
 (476,'Malann','Turner','hturnerd7@amazon.com','62-(882)941-9730','4212109744105226','476'),
 (477,'Lone','Fisher','kfisherd8@example.com','62-(212)561-3895','3782934395979997','477'),
 (478,'Mdiamass','Myers','amyersd9@wikimedia.org','46-(830)430-7277','6627311590622056','478'),
 (479,'Ocane','Lane','dlaneda@ameblo.jp','1-(850)258-0091','1575523382651594','479'),
 (480,'Malys','Willis','dwillisdb@elegantthemes.com','86-(441)715-1001','8780700193333491','480'),
 (481,'Mryl','Dunn','cdunndc@zdnet.com','380-(876)128-9819','4123479182309428','481'),
 (482,'Bcassine','Henderson','shendersondd@t-online.de','46-(262)490-8614','5156452774452032','482'),
 (483,'Ins','Parker','lparkerde@scribd.com','86-(378)928-5208','7317758652827338','483'),
 (484,'P','Sanchez','jsanchezdf@elpais.com','62-(183)574-2977','6261729703977829','484'),
 (485,'Andr','Long','alongdg@whitehouse.gov','55-(517)780-5860','4926018769566527','485'),
 (486,'Clestine','Wells','lwellsdh@google.fr','63-(134)104-0939','1454231230307524','486'),
 (487,'Plagie','Smith','dsmithdi@sakura.ne.jp','62-(896)660-0081','9671678968928268','487'),
 (488,'Elis','Diaz','rdiazdj@guardian.co.uk','47-(609)764-1957','2911394735929987','488'),
 (489,'Galle','Barnes','mbarnesdk@freewebs.com','55-(265)312-5770','6105508749749902','489'),
 (490,'M','Bradley','pbradleydl@qq.com','351-(911)571-4422','2109221497704626','490'),
 (491,'Judical','Hunt','dhuntdm@dailymail.co.uk','598-(874)707-7025','9127850862875865','491'),
 (492,'Bcassine','Parker','rparkerdn@springer.com','359-(152)470-7131','2578697740642551','492'),
 (493,'Laurlie','Henry','shenrydo@discovery.com','62-(560)687-2562','1995743513522156','493'),
 (494,'Gwenalle','Kelly','pkellydp@latimes.com','1-(373)149-4630','5851005529497917','494'),
 (495,'Gatane','Gibson','mgibsondq@addthis.com','45-(984)437-7883','7758671242578912','495'),
 (496,'Li','Cox','tcoxdr@utexas.edu','57-(106)821-4631','4638474689174255','496'),
 (497,'Michle','Banks','rbanksds@usatoday.com','351-(952)592-1979','7418889254695800','497'),
 (498,'Gsta','Griffin','lgriffindt@auda.org.au','63-(731)479-3721','1235205882071821','498'),
 (499,'Ru','Matthews','lmatthewsdu@hao123.com','61-(421)480-8195','7119813442422183','499'),
 (500,'Marie-jose','Hernandez','bhernandezdv@trellian.com','86-(166)799-1610','2038828263919038','500'),
 (501,'Ccile','Kelley','akelleydw@pinterest.com','7-(118)783-0063','3350821412579167','501'),
 (502,'Cline','Murphy','cmurphydx@accuweather.com','351-(767)142-2843','4154390917401732','502'),
 (503,'Pnlope','Watkins','awatkinsdy@webnode.com','358-(377)792-7751','4508421066374313','503'),
 (504,'Hkan','Sims','bsimsdz@blogger.com','48-(436)466-4229','5687256548527738','504'),
 (505,'D','Kennedy','skennedye0@nasa.gov','351-(749)409-7446','2003481470367488','505'),
 (506,'Aurlie','Pierce','kpiercee1@earthlink.net','33-(821)617-2534','6003855449088709','506'),
 (507,'Nolla','Henderson','ehendersone2@moonfruit.com','31-(291)984-7709','7946720632636572','507'),
 (508,'Cla','Washington','kwashingtone3@tuttocitta.it','63-(162)126-1413','7947853501624529','508'),
 (509,'Analle','Watson','awatsone4@surveymonkey.com','420-(930)444-2453','6544156048970598','509'),
 (510,'Aurlie','Morris','jmorrise5@printfriendly.com','98-(219)794-9254','4559785022164766','510'),
 (511,'Cla','Rogers','trogerse6@mayoclinic.com','1-(816)443-2034','8280302116779535','511'),
 (512,'Mgane','Sims','jsimse7@yandex.ru','86-(850)585-6452','4524807431465025','512'),
 (513,'Mline','West','rweste8@ifeng.com','998-(197)595-0833','7514230818166227','513'),
 (514,'Daphne','Ryan','jryane9@hugedomains.com','86-(850)687-0505','9222413864063458','514'),
 (515,'Marie-ve','Bennett','jbennettea@spiegel.de','254-(792)756-6948','6393740479464180','515'),
 (516,'Pnlope','Cooper','acoopereb@xing.com','86-(915)921-6266','2489142260635795','516'),
 (517,'Rachle','Hernandez','ehernandezec@google.nl','86-(995)945-2928','7240289335272896','517'),
 (518,'Li','Rogers','crogersed@xrea.com','967-(807)628-2868','1569105687528305','518'),
 (519,'Vnus','Duncan','lduncanee@umich.edu','86-(392)429-3098','4560722960634948','519'),
 (520,'Gatane','Crawford','jcrawfordef@desdev.cn','381-(341)526-0835','4406464402601893','520'),
 (521,'Annote','Chapman','schapmaneg@huffingtonpost.com','381-(816)400-6327','5166749775282847','521'),
 (522,'Annots','Cunningham','dcunninghameh@sourceforge.net','63-(533)181-0427','3382097765353460','522'),
 (523,'Ela','Moore','tmooreei@drupal.org','86-(643)881-8451','8471462290575507','523'),
 (524,'Marie-ve','Phillips','lphillipsej@nba.com','7-(563)941-9160','4956134454526631','524'),
 (525,'Daphne','Patterson','fpattersonek@springer.com','380-(670)542-6926','9511959347089111','525'),
 (526,'Edme','Oliver','koliverel@earthlink.net','374-(556)643-0038','3162458756951041','526'),
 (527,'Gatane','Martin','lmartinem@newsvine.com','218-(801)991-2157','5233364848292643','527'),
 (528,'Thrse','Crawford','bcrawforden@usatoday.com','53-(625)306-9193','7784792081328749','528'),
 (529,'Yu','Gutierrez','pgutierrezeo@desdev.cn','46-(875)315-1340','9071489018246702','529'),
 (530,'Laurne','Welch','dwelchep@house.gov','351-(217)489-9417','6437784787677687','530'),
 (531,'Zh','Burns','mburnseq@ycombinator.com','254-(633)615-2663','2224116930506628','531'),
 (532,'Adle','Perez','kperezer@techcrunch.com','1-(651)429-6075','8960919880346393','532'),
 (533,'Andr','Johnson','djohnsones@nih.gov','86-(440)456-4163','4274679344697765','533'),
 (534,'Pl','Freeman','rfreemanet@nymag.com','86-(885)431-9532','5330705250170734','534'),
 (535,'Y','Day','hdayeu@ebay.com','62-(288)556-9912','4715436357500527','535'),
 (536,'Stphanie','Henderson','ahendersonev@sitemeter.com','1-(687)420-1154','5517300490909656','536'),
 (537,'Maline','Reid','treidew@cnet.com','86-(338)724-1406','2230071331159738','537'),
 (538,'Lane','Campbell','ecampbellex@friendfeed.com','62-(459)277-6802','3008291225064356','538'),
 (539,'Illustre','Cook','ccookey@xinhuanet.com','86-(214)285-1003','5837009671630950','539'),
 (540,'Brengre','Murphy','cmurphyez@live.com','55-(177)384-2148','4067576424111461','540'),
 (541,'Genevive','Cunningham','scunninghamf0@newyorker.com','7-(461)163-4542','9142324856708414','541'),
 (542,'Lysa','Bennett','abennettf1@google.pl','62-(246)725-6934','5100039894719037','542'),
 (543,'Marie-franoise','Jacobs','ajacobsf2@csmonitor.com','420-(292)502-6127','8516303118644717','543'),
 (544,'sa','Sullivan','asullivanf3@webs.com','33-(770)419-1603','7785969683946599','544'),
 (545,'Solne','Brown','mbrownf4@parallels.com','51-(483)789-6786','6830643576369078','545'),
 (546,'Esbjrn','Ortiz','jortizf5@sohu.com','86-(920)949-5156','2677431910325125','546'),
 (547,'Mn','Jenkins','ajenkinsf6@usgs.gov','86-(709)744-4635','2220736311564557','547'),
 (548,'Laurna','Scott','hscottf7@ucoz.ru','82-(442)919-3726','8738171319949056','548'),
 (549,'Gaa','Stewart','astewartf8@flavors.me','504-(639)443-1059','1303127524610029','549'),
 (550,'Frdrique','Reynolds','wreynoldsf9@ox.ac.uk','52-(461)841-5997','9116851065915985','550'),
 (551,'Mlanie','Stephens','astephensfa@shareasale.com','62-(428)943-3838','3991298142285884','551'),
 (552,'Ana','Mccoy','mmccoyfb@homestead.com','86-(495)453-8281','3922865997349278','552'),
 (553,'Cla','Long','jlongfc@ifeng.com','86-(293)170-5868','4198244457827733','553'),
 (554,'Nalle','Dean','ldeanfd@seesaa.net','353-(470)381-9005','8678822633893824','554'),
 (555,'Annote','Schmidt','aschmidtfe@state.tx.us','86-(849)354-4126','7397311335292357','555'),
 (556,'Y','Weaver','aweaverff@biglobe.ne.jp','61-(512)387-9613','9241679061953850','556'),
 (557,'Mlinda','Cooper','tcooperfg@printfriendly.com','251-(151)605-9095','1824774385452283','557'),
 (558,'Andra','Hicks','jhicksfh@aboutads.info','971-(746)659-1802','9862890640493588','558'),
 (559,'Maly','Reyes','hreyesfi@discovery.com','62-(159)321-2211','5267345717466508','559'),
 (560,'Athna','Chavez','rchavezfj@dedecms.com','63-(695)620-5901','2071586782544242','560'),
 (561,'Sng','Jackson','jjacksonfk@rakuten.co.jp','51-(540)386-6702','8872262942109231','561'),
 (562,'Anas','Campbell','acampbellfl@fda.gov','86-(706)611-6845','3489302702271034','562'),
 (563,'Erwi','Hunt','dhuntfm@narod.ru','380-(418)273-8245','7139759938725640','563'),
 (564,'Clmentine','Reynolds','creynoldsfn@apple.com','233-(254)178-0280','9150026332126714','564'),
 (565,'Daphne','Woods','awoodsfo@accuweather.com','62-(136)213-4259','4031938390515417','565'),
 (566,'Cllia','Cook','rcookfp@rambler.ru','355-(442)428-3877','3432420004107976','566'),
 (567,'Cla','Myers','emyersfq@sbwire.com','66-(426)864-9614','2748876374635860','567'),
 (568,'Ana','Lawrence','glawrencefr@wired.com','34-(379)892-8733','2011031789788125','568'),
 (569,'Marylne','Hunter','rhunterfs@unc.edu','269-(635)787-9756','4995244918343879','569'),
 (570,'Lucrce','Garrett','bgarrettft@loc.gov','62-(400)524-5233','3914466537583048','570'),
 (571,'Lucrce','Gomez','kgomezfu@addthis.com','855-(737)280-3724','9296878114993388','571'),
 (572,'Bcassine','Cole','acolefv@comcast.net','30-(128)228-5981','2538652860624274','572'),
 (573,'Gatane','Willis','jwillisfw@sun.com','30-(426)797-8987','7781949810563637','573'),
 (574,'K','Richards','krichardsfx@amazonaws.com','62-(472)217-6227','3038074986187675','574'),
 (575,'Ro','Nelson','jnelsonfy@exblog.jp','62-(365)410-7206','2666841978435911','575'),
 (576,'Sverine','Stewart','rstewartfz@yellowpages.com','81-(472)556-3267','3927309678561971','576'),
 (577,'Daphne','Burke','cburkeg0@tripod.com','66-(223)941-1203','6373090726064123','577'),
 (578,'Marie-franoise','Austin','jausting1@rakuten.co.jp','58-(378)977-7192','5369915694954515','578'),
 (579,'Nolla','Little','slittleg2@51.la','359-(240)461-8750','6325188998024575','579'),
 (580,'Adlie','Morris','smorrisg3@geocities.jp','967-(283)271-3638','3011500635093154','580'),
 (581,'Ru','Morales','jmoralesg4@hp.com','234-(482)105-3039','5834023785811780','581'),
 (582,'Angle','Flores','pfloresg5@mit.edu','357-(457)288-9191','1627711380751989','582'),
 (583,'Andranne','Bennett','cbennettg6@google.pl','86-(410)597-2843','9455479949576382','583'),
 (584,'Lucrce','Hall','hhallg7@nytimes.com','63-(756)886-1785','5868470243304582','584'),
 (585,'Josphine','Watkins','mwatkinsg8@google.it','92-(690)164-1055','5486084517670678','585'),
 (586,'Clestine','Hicks','hhicksg9@mayoclinic.com','48-(697)898-1122','9337970005719080','586'),
 (587,'Mlina','Green','bgreenga@mediafire.com','63-(416)432-8915','7671507557424710','587'),
 (588,'Slne','Mason','amasongb@angelfire.com','7-(943)656-3134','7448795537881623','588'),
 (589,'Sng','Lewis','flewisgc@multiply.com','95-(655)884-9128','1381567608013894','589'),
 (590,'Lng','Hansen','phansengd@liveinternet.ru','63-(976)275-3306','2747098031815009','590'),
 (591,'Elose','Jackson','cjacksonge@walmart.com','63-(130)378-0704','1812847397001416','591'),
 (592,'sa','Cruz','acruzgf@yandex.ru','86-(461)865-5744','5619294969417224','592'),
 (593,'Maly','Bowman','nbowmangg@shutterfly.com','63-(989)156-3233','6384067469867123','593'),
 (594,'Publicit','Murray','mmurraygh@google.co.uk','7-(413)119-8208','9982863251391197','594'),
 (595,'Flicie','Butler','dbutlergi@gizmodo.com','46-(215)445-4398','5406213979950947','595'),
 (596,'Maly','Rogers','irogersgj@g.co','351-(242)311-4328','5013371938629470','596'),
 (597,'Dafne','Pierce','gpiercegk@cloudflare.com','1-(150)261-4476','1289372298475403','597'),
 (598,'Mthode','Crawford','wcrawfordgl@sciencedirect.com','62-(495)616-0748','5678767488625988','598'),
 (599,'Lysa','Lewis','llewisgm@constantcontact.com','502-(575)233-6211','5328604134255596','599'),
 (600,'Pnlope','Nguyen','mnguyengn@squarespace.com','86-(870)305-9307','2970594121485540','600'),
 (601,'Nolla','Stone','cstonego@reddit.com','7-(188)813-4828','3186147569846088','601'),
 (602,'T','Sims','vsimsgp@gmpg.org','381-(636)681-7590','9703250077812245','602'),
 (603,'Personnalise','Kelley','skelleygq@tamu.edu','46-(722)135-7250','8758577983756325','603'),
 (604,'Almrinda','White','jwhitegr@nydailynews.com','60-(181)956-1415','9781773885274871','604'),
 (605,'Y','Richardson','prichardsongs@umich.edu','7-(649)919-2618','3962202465377507','605'),
 (606,'Irne','Howell','chowellgt@cpanel.net','7-(928)880-1154','4020042225795948','606'),
 (607,'Rachle','Matthews','gmatthewsgu@yolasite.com','63-(957)354-4318','6928542256626651','607'),
 (608,'Ocanne','Carpenter','bcarpentergv@ftc.gov','81-(205)739-1387','2706736182585004','608'),
 (609,'Laurlie','Walker','ewalkergw@a8.net','7-(835)587-2446','4864144169375285','609'),
 (610,'Loca','Ortiz','jortizgx@technorati.com','54-(858)141-0677','8723054098178622','610'),
 (611,'Bcassine','Perkins','aperkinsgy@wikipedia.org','48-(523)993-2119','3709407567849541','611'),
 (612,'Laurne','Gardner','rgardnergz@eepurl.com','506-(298)855-4249','7068700210509405','612'),
 (613,'Nadge','Powell','jpowellh0@house.gov','51-(447)845-5796','5535745147970285','613'),
 (614,'Magdalne','Elliott','felliotth1@google.com','48-(961)840-1153','6287031711829145','614'),
 (615,'Maline','Henry','khenryh2@weebly.com','62-(969)596-4097','7469954926804255','615'),
 (616,'Franoise','Lee','aleeh3@edublogs.org','84-(752)121-6330','6898207553280163','616'),
 (617,'Garon','Bell','abellh4@com.com','51-(627)679-9203','8650596282140615','617'),
 (618,'Clestine','Robertson','crobertsonh5@statcounter.com','52-(894)489-5460','7985820561272510','618'),
 (619,'Grel','Snyder','jsnyderh6@etsy.com','7-(437)891-7595','1355210573916104','619'),
 (620,'Dorothe','Murphy','jmurphyh7@bravesites.com','375-(159)976-6342','5824920522539412','620'),
 (621,'Josphine','Henry','bhenryh8@list-manage.com','86-(753)172-0197','6066720200970208','621'),
 (622,'Cline','Price','dpriceh9@moonfruit.com','7-(506)398-9733','6705901911055184','622'),
 (623,'Camlia','Gardner','dgardnerha@businessinsider.com','7-(656)833-0793','8412827963983758','623'),
 (624,'Thrsa','Warren','nwarrenhb@bbc.co.uk','1-(853)258-4306','3094148487218806','624'),
 (625,'Zh','Perkins','jperkinshc@addtoany.com','86-(590)343-9091','2616495597254448','625'),
 (626,'Flicie','Hicks','jhickshd@narod.ru','506-(842)911-2605','5087287764009764','626'),
 (627,'J','Wilson','jwilsonhe@howstuffworks.com','420-(911)326-9798','7986676234320640','627'),
 (628,'Garon','Hall','mhallhf@yale.edu','504-(783)711-4913','1742691207252936','628'),
 (629,'D','Lane','planehg@icq.com','48-(732)818-1841','2692493372281998','629'),
 (630,'Irne','Palmer','bpalmerhh@hibu.com','86-(351)578-8096','9886397403180734','630'),
 (631,'Gaa','Morris','cmorrishi@tiny.cc','54-(147)920-4521','2920427889421480','631'),
 (632,'Nlie','Hudson','whudsonhj@histats.com','63-(847)333-8204','2900643364127893','632'),
 (633,'Kvina','Chavez','schavezhk@mtv.com','46-(264)448-8108','8170155793042601','633'),
 (634,'Tn','Barnes','sbarneshl@intel.com','63-(479)681-2231','5876247394840866','634'),
 (635,'Ana','Simmons','dsimmonshm@furl.net','62-(582)881-7892','5970370941788896','635'),
 (636,'Torbjrn','Bradley','sbradleyhn@gnu.org','66-(230)559-4951','7697032307335975','636'),
 (637,'Analle','Holmes','hholmesho@freewebs.com','86-(641)676-2905','4415048572744136','637'),
 (638,'Frdrique','Pierce','mpiercehp@huffingtonpost.com','351-(284)701-7754','4823623800328770','638'),
 (639,'Ma','Stevens','lstevenshq@tmall.com','48-(288)251-2259','8561144477720664','639'),
 (640,'Mng','Wood','jwoodhr@jimdo.com','7-(165)894-6556','1444046460489004','640'),
 (641,'Kvina','Duncan','eduncanhs@sphinn.com','86-(908)972-5618','3732938016000252','641'),
 (642,'Graldine','Reynolds','hreynoldsht@uol.com.br','51-(943)571-2687','1965295966355564','642'),
 (643,'Lorne','Burton','rburtonhu@photobucket.com','421-(118)514-8936','3757671279943431','643'),
 (644,'Camlia','Stephens','jstephenshv@canalblog.com','7-(362)384-0412','1486377321344496','644'),
 (645,'Ku','Reed','areedhw@merriam-webster.com','33-(460)119-0710','5294003094637162','645'),
 (646,'M','Gonzales','ggonzaleshx@bing.com','81-(370)744-0253','2219333314035928','646'),
 (647,'Dafne','Rivera','eriverahy@hp.com','420-(768)232-9892','1793739420785842','647'),
 (648,'Mlinda','Fields','pfieldshz@jigsy.com','48-(137)794-0568','4011627599580253','648'),
 (649,'Malle','Young','ayoungi0@facebook.com','33-(455)113-0095','7444916499807262','649'),
 (650,'Marylne','Flores','cfloresi1@scientificamerican.com','86-(779)908-1372','7903452035657994','650'),
 (651,'Simplifis','Kennedy','dkennedyi2@ucsd.edu','237-(337)628-5943','8295455167290842','651'),
 (652,'Ins','Larson','plarsoni3@auda.org.au','84-(168)856-4860','7521515689853174','652'),
 (653,'Adle','Little','slittlei4@gov.uk','33-(376)131-4830','9580068159671656','653'),
 (654,'D','Graham','hgrahami5@geocities.com','63-(701)618-5450','4345562460520542','654'),
 (655,'Nomie','Sanders','ksandersi6@jigsy.com','420-(956)133-2211','7174260025860980','655'),
 (656,'Ro','Hudson','whudsoni7@so-net.ne.jp','381-(493)108-0951','2509172070742463','656'),
 (657,'Milna','Stewart','cstewarti8@friendfeed.com','39-(619)428-1243','1930691895942710','657'),
 (658,'Edme','Johnson','cjohnsoni9@accuweather.com','86-(790)250-6434','3525487927308333','658'),
 (659,'Nomie','White','rwhiteia@arstechnica.com','33-(650)800-5899','2409547445981459','659'),
 (660,'Mns','Wood','lwoodib@dell.com','55-(730)387-7234','8045031116317722','660'),
 (661,'Danile','Brooks','ebrooksic@pagesperso-orange.fr','63-(664)283-8118','6108069022053135','661'),
 (662,'Magdalne','Gordon','jgordonid@census.gov','64-(842)618-0334','2766300401174545','662'),
 (663,'Andr','Ward','mwardie@shop-pro.jp','63-(800)503-8940','4011008764161271','663'),
 (664,'Fates','Russell','prussellif@uol.com.br','380-(949)476-3898','4928657360786370','664'),
 (665,'D','Olson','folsonig@csmonitor.com','591-(348)164-1195','9881507881453644','665'),
 (666,'Maline','Phillips','tphillipsih@ifeng.com','351-(800)737-3016','5465304943935487','666'),
 (667,'Josphine','Gomez','cgomezii@go.com','7-(440)342-9773','6222675031699442','667'),
 (668,'Nhmie','Cunningham','kcunninghamij@meetup.com','1-(916)860-8142','2475640782734304','668'),
 (669,'Li','White','lwhiteik@newsvine.com','62-(414)313-7877','9076297892344534','669'),
 (670,'Lng','Hill','fhillil@earthlink.net','81-(732)820-3554','7092802458149565','670'),
 (671,'Ln','Gordon','rgordonim@wired.com','30-(892)278-7354','8784067555073509','671'),
 (672,'Nhmie','Berry','dberryin@washingtonpost.com','86-(636)710-0596','6305276269418568','672'),
 (673,'Andranne','Knight','sknightio@spotify.com','7-(836)689-5885','2918515979555133','673'),
 (674,'Nolla','Marshall','dmarshallip@ca.gov','977-(335)959-0012','4628577484446798','674'),
 (675,'Bjrn','Hughes','bhughesiq@google.es','46-(545)931-0128','9359605614376513','675'),
 (676,'Pnlope','Griffin','cgriffinir@webnode.com','1-(550)497-5234','8891369505062725','676'),
 (677,'Clia','Adams','radamsis@theglobeandmail.com','52-(249)820-6153','3362875664995817','677'),
 (678,'Loc','Hicks','bhicksit@opera.com','86-(226)429-7168','5978312817375757','678'),
 (679,'Ocane','Green','bgreeniu@aol.com','84-(335)768-2956','1088150389698723','679'),
 (680,'Crz','Walker','awalkeriv@census.gov','680-(591)695-1526','7038020171429593','680'),
 (681,'Nolla','Jackson','jjacksoniw@upenn.edu','976-(142)276-8449','5713086676844802','681'),
 (682,'Y','Martinez','cmartinezix@bigcartel.com','1-(877)896-6461','4722779237541851','682'),
 (683,'Nolla','Andrews','gandrewsiy@businessweek.com','33-(445)553-8511','5968985181709498','683'),
 (684,'Clestine','Henderson','nhendersoniz@dedecms.com','63-(737)561-2140','1549505819009675','684'),
 (685,'Sverine','Powell','jpowellj0@blog.com','86-(828)696-6529','7529097090704833','685'),
 (686,'La','Perez','sperezj1@amazon.co.jp','383-(666)269-0625','8069118294743451','686'),
 (687,'Lonie','Warren','jwarrenj2@angelfire.com','62-(440)569-7802','9873143765982427','687'),
 (688,'Landre','Howard','whowardj3@nymag.com','86-(331)196-4169','7467848611888723','688'),
 (689,'Vronique','Sanders','jsandersj4@discovery.com','81-(716)274-4291','4834401650378645','689'),
 (690,'Ocane','Hayes','jhayesj5@woothemes.com','86-(888)412-1996','8467270625999016','690'),
 (691,'Alize','Walker','lwalkerj6@springer.com','46-(420)522-4347','6706109455215276','691'),
 (692,'Ins','Ray','krayj7@blogs.com','62-(234)428-4380','1896860778275743','692'),
 (693,'Thrsa','Hernandez','fhernandezj8@reddit.com','27-(889)313-1398','4787914062080936','693'),
 (694,'Nalle','Kennedy','jkennedyj9@tmall.com','1-(801)272-8222','7139393327654152','694'),
 (695,'Stphanie','Garcia','dgarciaja@last.fm','86-(572)561-9583','8021835645304028','695'),
 (696,'Mthode','Chapman','jchapmanjb@usnews.com','7-(719)153-3810','5585481114464873','696'),
 (697,'Annote','Pierce','wpiercejc@spotify.com','86-(607)131-7888','2394181415678091','697'),
 (698,'Graldine','Sims','jsimsjd@chron.com','54-(270)984-9446','5468880030236843','698'),
 (699,'Estve','Crawford','scrawfordje@whitehouse.gov','63-(546)501-1441','6443413518981654','699'),
 (700,'Hkan','Carter','hcarterjf@so-net.ne.jp','86-(376)817-2007','6879672940866342','700'),
 (701,'Torbjrn','Bailey','mbaileyjg@xrea.com','54-(202)661-6132','9675266609746558','701'),
 (702,'Yo','Hicks','bhicksjh@devhub.com','86-(666)230-2408','3666948348062492','702'),
 (703,'Nu','Carpenter','jcarpenterji@go.com','593-(285)882-2284','3926645252182868','703'),
 (704,'ke','Montgomery','emontgomeryjj@clickbank.net','86-(826)857-5625','1779106597095178','704'),
 (705,'Lonore','Robertson','jrobertsonjk@google.ca','86-(477)137-2819','2799433425247659','705'),
 (706,'Li','Hicks','jhicksjl@ning.com','7-(269)965-7975','2170913735773476','706'),
 (707,'Ma','Duncan','hduncanjm@ycombinator.com','62-(905)405-1446','8936019546363785','707'),
 (708,'Lorne','Payne','hpaynejn@howstuffworks.com','63-(690)410-0251','9222988511232157','708'),
 (709,'Genevive','Lawson','blawsonjo@unicef.org','63-(838)854-3953','6874983408697727','709'),
 (710,'Mrten','Torres','atorresjp@constantcontact.com','7-(495)937-6330','8976018173415546','710'),
 (711,'Mns','Cooper','acooperjq@elpais.com','234-(902)722-8376','7269684042883404','711'),
 (712,'Analle','Hughes','fhughesjr@fema.gov','55-(712)976-7974','1734884851641974','712'),
 (713,'Li','Howell','jhowelljs@dagondesign.com','62-(489)378-3070','5551130303338635','713'),
 (714,'Gwenalle','Kennedy','ckennedyjt@usatoday.com','63-(487)466-5361','6113112983805618','714'),
 (715,'Bcassine','Fernandez','dfernandezju@nationalgeographic.com','51-(930)338-8782','3641861130238603','715'),
 (716,'Ynora','Hunt','mhuntjv@dailymotion.com','62-(712)441-1650','5303815558405139','716'),
 (717,'Laurne','Armstrong','darmstrongjw@abc.net.au','86-(696)897-5787','1503425089171356','717'),
 (718,'Elonore','Porter','sporterjx@cnn.com','43-(790)758-6260','2879256430395710','718'),
 (719,'Salom','Rose','rrosejy@joomla.org','86-(288)848-1465','3375709746275242','719'),
 (720,'Brje','Hughes','chughesjz@cam.ac.uk','255-(905)501-9501','7416596526626624','720'),
 (721,'Kvina','Johnson','rjohnsonk0@vistaprint.com','51-(637)534-7773','4943883367659525','721'),
 (722,'Analle','Campbell','acampbellk1@multiply.com','86-(182)823-3743','7899788207148254','722'),
 (723,'Marie-franoise','Parker','mparkerk2@census.gov','86-(852)723-3764','6849192248873957','723'),
 (724,'Tn','Peters','cpetersk3@china.com.cn','46-(968)303-1573','8825451047494468','724'),
 (725,'J','Perez','jperezk4@skyrock.com','502-(598)499-6550','5920014162361848','725'),
 (726,'Bcassine','James','wjamesk5@mail.ru','223-(779)296-7346','8268152058932116','726'),
 (727,'Cline','Smith','gsmithk6@disqus.com','86-(853)490-5158','5984501206479138','727'),
 (728,'Fi','Ramos','rramosk7@baidu.com','351-(546)536-9546','1488193194579970','728'),
 (729,'Marie-ve','Phillips','dphillipsk8@engadget.com','7-(809)890-0257','4491469979368145','729'),
 (730,'Brangre','Evans','kevansk9@imgur.com','380-(247)577-8252','9057622015706409','730'),
 (731,'U','Larson','alarsonka@wufoo.com','86-(123)694-7937','4641810877752570','731'),
 (732,'sten','Murray','rmurraykb@unesco.org','242-(322)398-8650','7569759754260408','732'),
 (733,'Gran','Lee','lleekc@cam.ac.uk','504-(488)840-5467','8375989230437653','733'),
 (734,'Chlo','Ray','fraykd@nbcnews.com','86-(468)992-5654','4314923640115448','734'),
 (735,'Nu','Ramirez','sramirezke@deliciousdays.com','63-(383)517-5008','1394267437891308','735'),
 (736,'Clmence','Marshall','rmarshallkf@uol.com.br','62-(903)494-7373','5536077639670513','736'),
 (737,'Nolla','Wood','dwoodkg@hatena.ne.jp','63-(947)148-5266','1525431786436169','737'),
 (738,'Ru','Gutierrez','dgutierrezkh@skyrock.com','62-(823)863-3577','6452627367249998','738'),
 (739,'Frdrique','Jackson','ajacksonki@mayoclinic.com','7-(840)341-9268','6466469459756276','739'),
 (740,'Gsta','Howard','dhowardkj@barnesandnoble.com','62-(729)119-7696','1427600300268614','740'),
 (741,'Malla','Hansen','rhansenkk@amazon.co.jp','63-(185)960-9015','6474627617531363','741'),
 (742,'Aime','Morrison','gmorrisonkl@forbes.com','7-(822)546-0561','4087568343199517','742'),
 (743,'Mat','Kennedy','rkennedykm@fema.gov','62-(531)820-0005','8684792320305975','743'),
 (744,'Gisle','Ferguson','efergusonkn@networksolutions.com','46-(185)979-9325','7903242286423324','744'),
 (745,'Lonore','Wells','mwellsko@usa.gov','82-(813)243-0896','1143117473808174','745'),
 (746,'Hlne','Tucker','jtuckerkp@google.com.br','1-(213)995-1561','7651825737815184','746'),
 (747,'Magdalne','Kennedy','akennedykq@discovery.com','1-(249)248-3401','9272806196425727','747'),
 (748,'Hkan','Howard','ghowardkr@twitter.com','84-(410)202-0352','4310974877894585','748'),
 (749,'Ela','Mason','pmasonks@mtv.com','261-(161)692-5451','4282770421587342','749'),
 (750,'Rservs','Nelson','mnelsonkt@ask.com','86-(798)657-4003','5951139373140307','750'),
 (751,'Nolla','Brown','jbrownku@tripod.com','55-(932)661-9821','1892274167800205','751'),
 (752,'Li','Kelley','kkelleykv@xing.com','63-(838)245-2220','4225668969038779','752'),
 (753,'Nalle','Robinson','arobinsonkw@so-net.ne.jp','371-(291)896-4572','9965625253159475','753'),
 (754,'Cllia','Burns','sburnskx@dropbox.com','55-(784)180-4383','8821844962295925','754'),
 (755,'Ccile','Moreno','smorenoky@statcounter.com','34-(763)774-3196','2082150195215849','755'),
 (756,'Mlissandre','Lawrence','wlawrencekz@indiatimes.com','48-(244)914-0548','9146037769570978','756'),
 (757,'Mrta','Fuller','nfullerl0@adobe.com','57-(453)117-1302','1314976598233693','757'),
 (758,'Gwenalle','Hunter','ghunterl1@bbb.org','1-(808)462-5883','7438158938888274','758'),
 (759,'Judical','George','ggeorgel2@posterous.com','972-(986)436-0536','7319247080122371','759'),
 (760,'Camlia','Henry','bhenryl3@netlog.com','351-(530)213-5906','9146841723674261','760'),
 (761,'D','Chavez','schavezl4@narod.ru','86-(733)358-2267','9488698106178139','761'),
 (762,'Brje','Ramirez','aramirezl5@bizjournals.com','216-(858)571-7327','3573206931764087','762'),
 (763,'Graldine','Perry','pperryl6@pagesperso-orange.fr','353-(644)282-5771','8502103906531796','763'),
 (764,'Y','Barnes','pbarnesl7@redcross.org','972-(484)569-1614','2691361162028476','764'),
 (765,'Andranne','Oliver','eoliverl8@imdb.com','62-(785)202-8631','5655733542866713','765'),
 (766,'Lucrce','Harper','sharperl9@apple.com','7-(554)942-5133','8340392196360366','766'),
 (767,'Desire','Baker','vbakerla@com.com','351-(242)454-2704','4799428824533608','767'),
 (768,'Laurlie','Boyd','mboydlb@ning.com','1-(601)764-3105','3282010121525341','768'),
 (769,'Brje','Bradley','kbradleylc@angelfire.com','55-(411)628-0363','6379780462818877','769'),
 (770,'Elose','Elliott','gelliottld@dell.com','84-(714)162-1353','7998591150682990','770'),
 (771,'Clo','Richards','mrichardsle@yahoo.co.jp','63-(753)768-2144','6707156893062933','771'),
 (772,'Lala','Ryan','cryanlf@instagram.com','48-(348)206-6486','7876923528216630','772'),
 (773,'Elis','Ellis','sellislg@fotki.com','351-(681)580-9211','4781013916479178','773'),
 (774,'Rgine','Palmer','bpalmerlh@google.co.uk','380-(523)376-0378','4070528075031451','774'),
 (775,'Grald','Ward','mwardli@scientificamerican.com','86-(881)375-4087','4423676788679275','775'),
 (776,'Ocane','Price','apricelj@about.me','86-(787)864-6660','1319248510241403','776'),
 (777,'Lonore','Montgomery','gmontgomerylk@flavors.me','374-(379)375-3239','4135425987550649','777'),
 (778,'Marie-nol','Brooks','bbrooksll@com.com','86-(549)841-0825','4357480707963908','778'),
 (779,'Hkan','Gibson','fgibsonlm@nationalgeographic.com','86-(880)665-1644','2363785434488830','779'),
 (780,'Grel','Payne','jpayneln@taobao.com','44-(832)516-9617','7229051395838465','780'),
 (781,'Malys','Montgomery','rmontgomerylo@shinystat.com','51-(890)618-3504','7867330384489912','781'),
 (782,'Cungonde','Hunter','chunterlp@harvard.edu','66-(481)748-3215','7530239613454300','782'),
 (783,'Cungonde','Hanson','ahansonlq@people.com.cn','86-(245)488-7556','9567877138120597','783'),
 (784,'Esbjrn','Harris','kharrislr@simplemachines.org','62-(467)600-4848','6490084988731663','784'),
 (785,'Bcassine','Snyder','jsnyderls@live.com','7-(501)230-6864','1038657951838807','785'),
 (786,'Gatane','Cook','dcooklt@bravesites.com','46-(288)630-7094','4880563872405240','786'),
 (787,'Malis','Austin','aaustinlu@altervista.org','380-(436)958-9083','7549158935732669','787'),
 (788,'Lone','Mason','lmasonlv@jigsy.com','251-(336)265-3245','5990931048533734','788'),
 (789,'Malann','Evans','aevanslw@webeden.co.uk','351-(414)377-2134','7424041917282138','789'),
 (790,'rjan','Meyer','dmeyerlx@google.co.jp','258-(418)996-7682','2854585175047716','790'),
 (791,'Genevive','Burns','kburnsly@disqus.com','86-(489)713-1368','8385621769266032','791'),
 (792,'Ynora','Harris','fharrislz@trellian.com','62-(521)332-1200','8717633602009100','792'),
 (793,'Simplifis','Nelson','anelsonm0@ycombinator.com','60-(224)265-2770','1689666393282955','793'),
 (794,'Garon','Daniels','jdanielsm1@artisteer.com','351-(514)544-8796','5516811298210837','794'),
 (795,'Bjrn','Cook','jcookm2@sourceforge.net','66-(482)453-9417','6315576293396108','795'),
 (796,'Crz','Fernandez','vfernandezm3@pbs.org','7-(438)230-6996','1216140466623078','796'),
 (797,'Mlanie','Moreno','gmorenom4@live.com','389-(141)208-6206','3080538083178871','797'),
 (798,'Mline','Austin','raustinm5@jalbum.net','86-(526)318-2071','4407725003376409','798'),
 (799,'Irne','Lawrence','llawrencem6@fastcompany.com','7-(599)425-7749','5568483996674363','799'),
 (800,'Yo','Reed','lreedm7@dedecms.com','86-(880)507-4768','3707787347996457','800'),
 (801,'Lane','Knight','vknightm8@163.com','64-(956)303-9756','8533234175256985','801'),
 (802,'Laurlie','Montgomery','cmontgomerym9@ask.com','967-(733)304-4887','9455064078353928','802'),
 (803,'Anas','Kennedy','gkennedyma@nps.gov','62-(479)414-6332','4190003558238242','803'),
 (804,'Audranne','Collins','jcollinsmb@chron.com','86-(498)890-1148','5889191094672992','804'),
 (805,'Solne','Butler','jbutlermc@buzzfeed.com','62-(828)303-4110','3018988729632505','805'),
 (806,'Annots','Perez','rperezmd@time.com','86-(913)391-8868','2889343459641784','806'),
 (807,'Este','Dixon','kdixonme@marketwatch.com','55-(185)915-3941','7743453733418939','807'),
 (808,'Ela','Hill','vhillmf@gravatar.com','351-(375)759-0210','5944022235610744','808'),
 (809,'Mana','Banks','rbanksmg@who.int','373-(158)567-7937','7741103395270727','809'),
 (810,'Li','Harris','rharrismh@myspace.com','66-(898)487-5101','3724543191419292','810'),
 (811,'Anas','Foster','efostermi@free.fr','351-(671)690-8472','5439866348765451','811'),
 (812,'Chlo','Powell','lpowellmj@nytimes.com','63-(669)456-1806','5310310038547881','812'),
 (813,'Publicit','Gomez','lgomezmk@about.me','86-(244)389-4799','4190697941636425','813'),
 (814,'Gisle','Little','wlittleml@archive.org','371-(767)435-8345','5736352023446939','814'),
 (815,'Rachle','Pierce','gpiercemm@omniture.com','55-(663)616-1214','2939483145749434','815'),
 (816,'Gisle','Bell','bbellmn@deviantart.com','60-(438)222-1108','7234542840235886','816'),
 (817,'Lana','Alexander','ralexandermo@skyrock.com','51-(393)627-3800','4483591438722931','817'),
 (818,'Laurlie','Mcdonald','mmcdonaldmp@hud.gov','86-(590)514-6907','2771239562335266','818'),
 (819,'Angle','Schmidt','kschmidtmq@wired.com','351-(403)769-6330','2980857384459739','819'),
 (820,'Stvina','Brooks','jbrooksmr@cnn.com','380-(559)816-5177','3393958368156827','820'),
 (821,'Nlie','Allen','hallenms@ifeng.com','62-(966)173-8437','6645309729145466','821'),
 (822,'Tng','Ryan','jryanmt@amazon.de','86-(376)939-3902','6802052642913718','822'),
 (823,'Lana','Jordan','ajordanmu@yolasite.com','62-(383)233-5294','3885603736844444','823'),
 (824,'Gsta','Franklin','sfranklinmv@theguardian.com','420-(834)817-6323','3367080660208411','824'),
 (825,'Bndicte','Cox','rcoxmw@i2i.jp','86-(256)981-3294','1771829824042408','825'),
 (826,'Y','Bryant','gbryantmx@ning.com','86-(651)518-6157','8070801609858363','826'),
 (827,'Sverine','Gibson','agibsonmy@behance.net','81-(594)387-4097','8956651969235968','827'),
 (828,'Pl','Holmes','jholmesmz@google.ca','86-(994)568-7372','3237129295747135','828'),
 (829,'Marie-thrse','Mason','dmasonn0@shinystat.com','86-(928)481-7346','7689801877864998','829'),
 (830,'Anal','Cunningham','bcunninghamn1@independent.co.uk','86-(346)230-2445','1774163401189303','830'),
 (831,'Maly','Hamilton','chamiltonn2@booking.com','54-(532)167-5726','7006112812121166','831'),
 (832,'Marylne','Wright','jwrightn3@eventbrite.com','226-(325)829-4579','6694049126853027','832'),
 (833,'Fi','Nelson','bnelsonn4@admin.ch','86-(367)183-6089','3086451650573343','833'),
 (834,'Lysa','Marshall','gmarshalln5@1688.com','48-(117)351-5672','5129383433819796','834'),
 (835,'Bcassine','Parker','kparkern6@gravatar.com','86-(316)852-1279','2262458150619297','835'),
 (836,'Andranne','Ward','awardn7@theguardian.com','62-(575)872-7093','8227117639042777','836'),
 (837,'Thrsa','Coleman','pcolemann8@aboutads.info','62-(825)558-0442','5245116679319265','837'),
 (838,'Ynora','Clark','tclarkn9@oaic.gov.au','57-(348)745-8499','4512573755780365','838'),
 (839,'Michle','Bowman','kbowmanna@dailymail.co.uk','62-(650)752-0844','3273727766198824','839'),
 (840,'Nava','Howard','dhowardnb@joomla.org','33-(424)355-3307','8759181900826916','840'),
 (841,'Malys','Allen','aallennc@webnode.com','86-(361)818-1170','9088548626309472','841'),
 (842,'Aurlie','Gomez','kgomeznd@networksolutions.com','55-(268)315-5856','4549541084616538','842'),
 (843,'Mrten','Elliott','jelliottne@phpbb.com','62-(202)196-0748','4881212714295890','843'),
 (844,'Hlne','Murphy','nmurphynf@dell.com','62-(650)771-0281','6191321092924142','844'),
 (845,'Intressant','Ramirez','jramirezng@macromedia.com','46-(117)770-3476','2257741188827342','845'),
 (846,'Brangre','Gray','pgraynh@earthlink.net','62-(998)795-8044','5281264773768936','846'),
 (847,'Malys','Graham','lgrahamni@stumbleupon.com','62-(825)521-4029','8106319020827061','847'),
 (848,'Michle','Burton','jburtonnj@jugem.jp','86-(448)727-1842','6050541695131242','848'),
 (849,'Ccilia','Berry','cberrynk@chron.com','62-(479)738-8345','3651587634072225','849'),
 (850,'Zo','Watson','mwatsonnl@sogou.com','86-(907)627-5227','7030884385717402','850'),
 (851,'Marie-thrse','Palmer','kpalmernm@google.ca','57-(111)786-8752','5071170542709097','851'),
 (852,'Grel','Walker','swalkernn@privacy.gov.au','375-(600)249-3726','7995180713516908','852'),
 (853,'Marie-hlne','Ray','crayno@spotify.com','52-(424)790-7833','9564186963266542','853'),
 (854,'Lucrce','Watkins','pwatkinsnp@domainmarket.com','382-(103)930-2865','4434833581141566','854'),
 (855,'Mghane','Russell','arussellnq@netscape.com','55-(833)259-6695','6623498498647270','855'),
 (856,'Gran','Lopez','dlopeznr@cyberchimps.com','351-(620)528-7782','6693248176197439','856'),
 (857,'Clo','Porter','cporterns@cam.ac.uk','98-(845)758-4151','1118885655004929','857'),
 (858,'Danile','Burns','mburnsnt@ted.com','63-(968)162-3315','3469232289720907','858'),
 (859,'Li','Kim','akimnu@shareasale.com','63-(331)587-3573','1370245653175542','859'),
 (860,'Nomie','Tucker','atuckernv@cafepress.com','1-(717)541-0937','4383407506442019','860'),
 (861,'Gatane','Wood','kwoodnw@flickr.com','48-(910)600-1969','8807461975721110','861'),
 (862,'Fi','Duncan','aduncannx@nsw.gov.au','420-(467)693-1592','3404100017826668','862'),
 (863,'Graldine','Thomas','jthomasny@google.it','51-(428)225-2175','9202722113689716','863'),
 (864,'Edme','Welch','hwelchnz@typepad.com','62-(814)856-1904','8344824503946709','864'),
 (865,'Mlys','Flores','pfloreso0@skype.com','389-(871)263-8668','4074826628454434','865'),
 (866,'Thrse','Rodriguez','lrodriguezo1@amazon.de','380-(680)908-2957','2252774700507586','866'),
 (867,'Gatane','Perry','tperryo2@twitter.com','7-(593)155-1782','5434571755231084','867'),
 (868,'Desire','Adams','jadamso3@mayoclinic.com','33-(865)741-7302','5052774525497687','868'),
 (869,'Nhmie','Watson','kwatsono4@dedecms.com','351-(449)908-3545','9223117990319427','869'),
 (870,'Ccile','Walker','swalkero5@meetup.com','98-(345)125-0832','5501072205801463','870'),
 (871,'Malla','Arnold','rarnoldo6@canalblog.com','86-(866)479-4793','1744804286327149','871'),
 (872,'M','Williamson','gwilliamsono7@boston.com','62-(828)728-2919','5652599075440141','872'),
 (873,'Rachle','Fox','tfoxo8@elpais.com','62-(575)932-3651','2471532659461577','873'),
 (874,'Dafne','Mcdonald','jmcdonaldo9@hubpages.com','30-(875)767-5242','2169792928852511','874'),
 (875,'Cinma','Phillips','kphillipsoa@marketwatch.com','46-(353)127-6775','5192191167138465','875'),
 (876,'Marie-franoise','Rice','vriceob@imageshack.us','66-(990)720-7686','1033697663231026','876'),
 (877,'Solne','Allen','hallenoc@fema.gov','63-(429)177-2211','6996649447570165','877'),
 (878,'Nlie','Perry','jperryod@imgur.com','691-(779)315-2176','3478970012483867','878'),
 (879,'Tng','Hicks','shicksoe@mediafire.com','86-(556)128-9287','6081704877683716','879'),
 (880,'Landre','Meyer','pmeyerof@sakura.ne.jp','46-(221)978-0870','7987383130963294','880'),
 (881,'Bcassine','Lopez','dlopezog@paypal.com','62-(870)208-5480','7498143369429493','881'),
 (882,'Ku','Welch','jwelchoh@skype.com','86-(166)308-2653','4625971063034081','882'),
 (883,'rjan','Black','lblackoi@usnews.com','63-(537)593-3212','9751615782326091','883'),
 (884,'Marie-franoise','Lawson','hlawsonoj@tumblr.com','62-(967)492-0170','6054732795432234','884'),
 (885,'Franoise','George','kgeorgeok@bizjournals.com','62-(515)142-5121','2205218693871823','885'),
 (886,'Mahlie','Kennedy','hkennedyol@wikipedia.org','33-(813)997-7496','5515387660783078','886'),
 (887,'Sng','Black','hblackom@csmonitor.com','385-(206)487-7347','5926419395585236','887'),
 (888,'Mthode','Dixon','gdixonon@mit.edu','86-(607)373-6885','2952510243377817','888'),
 (889,'Valrie','Barnes','lbarnesoo@omniture.com','86-(937)146-1463','4647025272012344','889'),
 (890,'Nava','Mcdonald','jmcdonaldop@who.int','46-(710)904-3318','6208768114962250','890'),
 (891,'Clia','Olson','holsonoq@dmoz.org','58-(732)953-9094','7887679047095551','891'),
 (892,'Stvina','Phillips','aphillipsor@admin.ch','63-(282)947-5732','7834475791619095','892'),
 (893,'Li','Murray','kmurrayos@facebook.com','218-(414)914-9005','7914316397635337','893'),
 (894,'Vrane','Walker','jwalkerot@cbc.ca','62-(700)341-5543','5101468212924253','894'),
 (895,'Pnlope','Sanders','dsandersou@statcounter.com','385-(636)316-6412','4224043351044198','895'),
 (896,'Grald','Mitchell','jmitchellov@bravesites.com','1-(718)295-8283','9337737138174138','896'),
 (897,'Nhmie','Rodriguez','jrodriguezow@homestead.com','66-(615)466-2967','2914055966305845','897'),
 (898,'Galle','Carr','hcarrox@phpbb.com','996-(353)389-5602','8093551685879209','898'),
 (899,'Yo','Riley','trileyoy@disqus.com','380-(208)586-4826','1388511491418534','899'),
 (900,'Esbjrn','Wells','awellsoz@cargocollective.com','86-(270)228-4261','4185566254792460','900'),
 (901,'Nu','Sanchez','rsanchezp0@upenn.edu','92-(923)323-1992','3448596020704648','901'),
 (902,'Annots','Wheeler','fwheelerp1@marketwatch.com','7-(609)421-7715','5767907786667729','902'),
 (903,'Lorne','Dean','edeanp2@instagram.com','57-(910)371-7478','9889387959645469','903'),
 (904,'Adlade','Kelly','wkellyp3@eventbrite.com','34-(970)353-7873','7214214606910201','904'),
 (905,'Clmentine','Fowler','sfowlerp4@msu.edu','355-(440)347-3126','6453125833934690','905'),
 (906,'Stphanie','Powell','apowellp5@wikia.com','86-(889)968-8103','7265425497236168','906'),
 (907,'Personnalise','Sims','gsimsp6@themeforest.net','81-(382)647-7802','4969857000602668','907'),
 (908,'Malis','Vasquez','lvasquezp7@ow.ly','33-(942)404-5380','7792340400134306','908'),
 (909,'D','Gonzalez','kgonzalezp8@infoseek.co.jp','34-(844)784-8235','3768380747320494','909'),
 (910,'Franoise','Henry','bhenryp9@yahoo.com','62-(465)142-6601','2121997549199612','910'),
 (911,'Lala','Webb','awebbpa@ebay.com','856-(625)115-0313','4353316789397990','911'),
 (912,'Cla','Ruiz','druizpb@baidu.com','63-(552)657-2101','1432035067379968','912'),
 (913,'Desire','Bowman','sbowmanpc@sun.com','998-(986)613-2840','1858605297908403','913'),
 (914,'Mlia','Brooks','mbrookspd@washington.edu','46-(895)924-2995','6984465149811840','914'),
 (915,'Cla','Bowman','mbowmanpe@goo.gl','420-(324)840-7481','8808646171328602','915'),
 (916,'Vrane','Fields','cfieldspf@naver.com','86-(566)471-6549','3666418550502619','916'),
 (917,'Genevive','Little','flittlepg@t-online.de','502-(952)533-9748','2684572529170226','917'),
 (918,'Daphne','Harper','charperph@stanford.edu','48-(755)999-9141','5989842901659266','918'),
 (919,'Stphanie','Clark','aclarkpi@princeton.edu','7-(323)394-2806','1211064573316724','919'),
 (920,'Batrice','Romero','promeropj@springer.com','507-(955)149-7012','7951815782411961','920'),
 (921,'Marie-nol','Crawford','ccrawfordpk@last.fm','7-(300)910-0304','5289685319560565','921'),
 (922,'Batrice','Russell','rrussellpl@istockphoto.com','60-(298)550-1723','6671073203614312','922'),
 (923,'Valrie','Porter','sporterpm@ifeng.com','1-(805)409-1271','1378398709228568','923'),
 (924,'Pl','Young','syoungpn@plala.or.jp','389-(184)511-6320','4920723348011640','924'),
 (925,'Hlne','Thompson','athompsonpo@cornell.edu','55-(281)611-9201','1418424499344406','925'),
 (926,'Judical','Hanson','ehansonpp@homestead.com','63-(903)147-4578','8081107782094749','926'),
 (927,'Adlade','Porter','tporterpq@rambler.ru','62-(668)770-5028','9505433910194892','927'),
 (928,'Mline','Butler','abutlerpr@woothemes.com','7-(198)742-9384','9286128242855017','928'),
 (929,'Lala','Bradley','dbradleyps@dmoz.org','63-(404)888-8380','2630802003110045','929'),
 (930,'Y','Mills','jmillspt@hao123.com','62-(105)568-5585','6186252736115467','930'),
 (931,'Amlie','Roberts','hrobertspu@bloglovin.com','86-(722)167-9356','4426931252876666','931'),
 (932,'T','Harrison','sharrisonpv@google.com.au','7-(447)782-0317','5513083040130862','932'),
 (933,'Nadge','Mendoza','imendozapw@free.fr','420-(815)579-4647','6065440271359852','933'),
 (934,'Clmence','Hill','chillpx@tinyurl.com','355-(884)819-1115','5459952375295272','934'),
 (935,'Ins','Gilbert','cgilbertpy@unblog.fr','385-(334)486-8984','7497307871737645','935'),
 (936,'Mlanie','Ray','braypz@sina.com.cn','7-(230)182-7250','5908568168024587','936'),
 (937,'Marie-hlne','Simpson','dsimpsonq0@homestead.com','86-(996)584-4731','7341873936251435','937'),
 (938,'Kvina','Thompson','ethompsonq1@cmu.edu','81-(584)545-4435','2481353365446851','938'),
 (939,'Mryl','Franklin','vfranklinq2@merriam-webster.com','20-(358)987-8802','1730295692481043','939'),
 (940,'Estve','Anderson','bandersonq3@wisc.edu','58-(820)780-4585','7865705521911729','940'),
 (941,'Mawenn','Bishop','gbishopq4@goo.gl','86-(813)572-1114','7421995803420394','941'),
 (942,'Mawenn','Foster','cfosterq5@sourceforge.net','1-(564)739-4188','8497144205834605','942'),
 (943,'Cungonde','Jacobs','tjacobsq6@goodreads.com','351-(345)212-7598','4026476949709675','943'),
 (944,'Mlissandre','Elliott','melliottq7@gmpg.org','86-(327)362-6081','9636085067352444','944'),
 (945,'Rene','Hughes','rhughesq8@nytimes.com','33-(435)415-6589','8420592953889389','945'),
 (946,'Ynora','Lawson','flawsonq9@gmpg.org','46-(210)102-7492','9225049823872045','946'),
 (947,'Rservs','James','vjamesqa@xrea.com','231-(684)260-1015','1361586475813759','947'),
 (948,'Styrbjrn','Robertson','jrobertsonqb@joomla.org','7-(819)718-9231','1925173704575017','948'),
 (949,'Marie-thrse','Daniels','vdanielsqc@columbia.edu','53-(160)570-6832','9958984041276317','949'),
 (950,'Clestine','Nguyen','jnguyenqd@cisco.com','64-(367)200-1255','1654936809860295','950'),
 (951,'Srna','Holmes','cholmesqe@yellowpages.com','48-(953)292-0151','5908729479122031','951'),
 (952,'Ana','Lewis','dlewisqf@vkontakte.ru','33-(934)931-9429','5221959401716187','952'),
 (953,'Michle','Morales','amoralesqg@nationalgeographic.com','380-(920)408-2955','9612838359968746','953'),
 (954,'Este','Crawford','hcrawfordqh@list-manage.com','7-(710)106-7376','5416025127689643','954'),
 (955,'Mns','Perkins','jperkinsqi@oakley.com','55-(227)807-7569','1610201751262494','955'),
 (956,'Mlodie','Lopez','rlopezqj@163.com','351-(896)518-6175','6845358901122013','956'),
 (957,'Ana','Ellis','lellisqk@jugem.jp','62-(201)827-2191','6561920918353763','957'),
 (958,'Milna','Collins','rcollinsql@clickbank.net','86-(275)225-1020','3721592628855025','958'),
 (959,'Adlie','Chapman','wchapmanqm@miibeian.gov.cn','86-(699)217-9616','3347640510026056','959'),
 (960,'Cllia','Bowman','sbowmanqn@bravesites.com','54-(570)638-0177','8041194955281067','960'),
 (961,'Marlne','Taylor','ltaylorqo@barnesandnoble.com','55-(930)838-0040','8477861086136105','961'),
 (962,'Elis','Perry','bperryqp@stumbleupon.com','54-(384)420-6600','5599949154375733','962'),
 (963,'Estve','Dunn','cdunnqq@youtu.be','370-(944)892-2062','7725281842978935','963'),
 (964,'Nalle','Price','tpriceqr@senate.gov','1-(518)707-8918','1148661617547343','964'),
 (965,'Graldine','Allen','hallenqs@constantcontact.com','46-(737)349-1424','3151627945917737','965'),
 (966,'Mline','Hanson','jhansonqt@ucoz.com','93-(251)312-9565','7001034712230991','966'),
 (967,'Adlie','Alexander','kalexanderqu@uiuc.edu','359-(487)619-1507','5911770508311407','967'),
 (968,'rjan','Thompson','bthompsonqv@imageshack.us','234-(649)367-5964','1230747049295347','968'),
 (969,'Malys','Scott','gscottqw@wp.com','970-(203)782-2028','6635532200428779','969'),
 (970,'Adle','Gordon','mgordonqx@diigo.com','380-(854)579-8584','2259090494145289','970'),
 (971,'Malyss','Cooper','gcooperqy@dyndns.org','355-(477)448-0947','1943820752419775','971'),
 (972,'Simplifis','Romero','kromeroqz@altervista.org','82-(249)761-5998','8723323272284389','972'),
 (973,'Malann','Fuller','wfullerr0@microsoft.com','263-(366)457-0203','5172724076311148','973'),
 (974,'Andre','Mccoy','lmccoyr1@bluehost.com','62-(339)145-5046','2064723031377647','974'),
 (975,'Esbjrn','Morales','jmoralesr2@alexa.com','86-(522)244-6857','1221288653011491','975'),
 (976,'Adlie','Willis','dwillisr3@psu.edu','235-(969)945-8085','5299750324178737','976'),
 (977,'Marie-jose','Day','vdayr4@domainmarket.com','58-(333)980-3152','2982625407730765','977'),
 (978,'Ocanne','Bishop','fbishopr5@blog.com','385-(308)221-3065','6855580527551812','978'),
 (979,'Mana','Gray','rgrayr6@yellowpages.com','86-(974)194-3785','3647073304485465','979'),
 (980,'Clia','Garrett','cgarrettr7@smugmug.com','33-(624)896-7623','8951938825682566','980'),
 (981,'Marie-jose','Carroll','lcarrollr8@state.tx.us','62-(659)238-7878','1976207598859073','981'),
 (982,'Marie-nol','Barnes','bbarnesr9@merriam-webster.com','86-(794)284-4150','4480683526483866','982'),
 (983,'Rachle','Cruz','tcruzra@marketwatch.com','970-(180)207-9960','8605260120933351','983'),
 (984,'Maly','Moreno','amorenorb@wsj.com','63-(275)837-4550','7850648167506205','984'),
 (985,'sa','Frazier','kfrazierrc@deliciousdays.com','86-(198)748-7966','5432424140842634','985'),
 (986,'Erwi','Rodriguez','jrodriguezrd@uol.com.br','1-(754)718-9780','8073553499355963','986'),
 (987,'Fi','Taylor','ntaylorre@1688.com','57-(855)576-2948','1108907333054220','987'),
 (988,'W','Palmer','ppalmerrf@usda.gov','52-(231)469-4816','6968897779865812','988'),
 (989,'Marie-jose','Reid','rreidrg@uiuc.edu','374-(635)630-9889','2943918645523445','989'),
 (990,'Nhmie','Torres','storresrh@wsj.com','351-(454)403-3717','1021510362838188','990'),
 (991,'Clmence','Lynch','clynchri@vimeo.com','57-(739)713-0754','3015582099068305','991'),
 (992,'Mrta','Parker','aparkerrj@g.co','33-(810)504-0687','8657688468345039','992'),
 (993,'Y','Cunningham','bcunninghamrk@thetimes.co.uk','56-(195)324-6602','7014171863300867','993'),
 (994,'Mlia','Welch','cwelchrl@angelfire.com','358-(247)580-2503','5952045829858933','994'),
 (995,'Loca','Lawrence','rlawrencerm@nps.gov','976-(319)256-2262','8007719950485219','995'),
 (996,'Almrinda','Fox','cfoxrn@yelp.com','7-(477)764-6726','3854290499936944','996'),
 (997,'Cungonde','Simmons','jsimmonsro@geocities.jp','55-(782)652-2503','2729517217664859','997'),
 (998,'Salom','Nichols','rnicholsrp@moonfruit.com','92-(498)168-7511','5442809975119601','998'),
 (999,'Cline','Williams','mwilliamsrq@privacy.gov.au','66-(935)458-3693','2840307756794447','999'),
 (1000,'Franoise','Banks','jbanksrr@squidoo.com','373-(244)267-7146','7478431287099993','1000');
COMMIT;
